# Aquafina-style bottled water 3D model
# Generated as a clean, editable OBJ mesh.
mtllib aquafina_bottle_3d.mtl
o Bottle
v 1.000000 0.000000 0.000000
v 0.997859 0.065403 0.000000
v 0.991445 0.130526 0.000000
v 0.980785 0.195090 0.000000
v 0.965926 0.258819 0.000000
v 0.946930 0.321439 0.000000
v 0.923880 0.382683 0.000000
v 0.896873 0.442289 0.000000
v 0.866025 0.500000 0.000000
v 0.831470 0.555570 0.000000
v 0.793353 0.608761 0.000000
v 0.751840 0.659346 0.000000
v 0.707107 0.707107 0.000000
v 0.659346 0.751840 0.000000
v 0.608761 0.793353 0.000000
v 0.555570 0.831470 0.000000
v 0.500000 0.866025 0.000000
v 0.442289 0.896873 0.000000
v 0.382683 0.923880 0.000000
v 0.321439 0.946930 0.000000
v 0.258819 0.965926 0.000000
v 0.195090 0.980785 0.000000
v 0.130526 0.991445 0.000000
v 0.065403 0.997859 0.000000
v 0.000000 1.000000 0.000000
v -0.065403 0.997859 0.000000
v -0.130526 0.991445 0.000000
v -0.195090 0.980785 0.000000
v -0.258819 0.965926 0.000000
v -0.321439 0.946930 0.000000
v -0.382683 0.923880 0.000000
v -0.442289 0.896873 0.000000
v -0.500000 0.866025 0.000000
v -0.555570 0.831470 0.000000
v -0.608761 0.793353 0.000000
v -0.659346 0.751840 0.000000
v -0.707107 0.707107 0.000000
v -0.751840 0.659346 0.000000
v -0.793353 0.608761 0.000000
v -0.831470 0.555570 0.000000
v -0.866025 0.500000 0.000000
v -0.896873 0.442289 0.000000
v -0.923880 0.382683 0.000000
v -0.946930 0.321439 0.000000
v -0.965926 0.258819 0.000000
v -0.980785 0.195090 0.000000
v -0.991445 0.130526 0.000000
v -0.997859 0.065403 0.000000
v -1.000000 0.000000 0.000000
v -0.997859 -0.065403 0.000000
v -0.991445 -0.130526 0.000000
v -0.980785 -0.195090 0.000000
v -0.965926 -0.258819 0.000000
v -0.946930 -0.321439 0.000000
v -0.923880 -0.382683 0.000000
v -0.896873 -0.442289 0.000000
v -0.866025 -0.500000 0.000000
v -0.831470 -0.555570 0.000000
v -0.793353 -0.608761 0.000000
v -0.751840 -0.659346 0.000000
v -0.707107 -0.707107 0.000000
v -0.659346 -0.751840 0.000000
v -0.608761 -0.793353 0.000000
v -0.555570 -0.831470 0.000000
v -0.500000 -0.866025 0.000000
v -0.442289 -0.896873 0.000000
v -0.382683 -0.923880 0.000000
v -0.321439 -0.946930 0.000000
v -0.258819 -0.965926 0.000000
v -0.195090 -0.980785 0.000000
v -0.130526 -0.991445 0.000000
v -0.065403 -0.997859 0.000000
v -0.000000 -1.000000 0.000000
v 0.065403 -0.997859 0.000000
v 0.130526 -0.991445 0.000000
v 0.195090 -0.980785 0.000000
v 0.258819 -0.965926 0.000000
v 0.321439 -0.946930 0.000000
v 0.382683 -0.923880 0.000000
v 0.442289 -0.896873 0.000000
v 0.500000 -0.866025 0.000000
v 0.555570 -0.831470 0.000000
v 0.608761 -0.793353 0.000000
v 0.659346 -0.751840 0.000000
v 0.707107 -0.707107 0.000000
v 0.751840 -0.659346 0.000000
v 0.793353 -0.608761 0.000000
v 0.831470 -0.555570 0.000000
v 0.866025 -0.500000 0.000000
v 0.896873 -0.442289 0.000000
v 0.923880 -0.382683 0.000000
v 0.946930 -0.321439 0.000000
v 0.965926 -0.258819 0.000000
v 0.980785 -0.195090 0.000000
v 0.991445 -0.130526 0.000000
v 0.997859 -0.065403 0.000000
v 1.080000 0.000000 0.100000
v 1.077688 0.070635 0.100000
v 1.070760 0.140968 0.100000
v 1.059248 0.210698 0.100000
v 1.043200 0.279525 0.100000
v 1.022685 0.347155 0.100000
v 0.997790 0.413298 0.100000
v 0.968623 0.477672 0.100000
v 0.935307 0.540000 0.100000
v 0.897987 0.600016 0.100000
v 0.856822 0.657462 0.100000
v 0.811987 0.712093 0.100000
v 0.763675 0.763675 0.100000
v 0.712093 0.811987 0.100000
v 0.657462 0.856822 0.100000
v 0.600016 0.897987 0.100000
v 0.540000 0.935307 0.100000
v 0.477672 0.968623 0.100000
v 0.413298 0.997790 0.100000
v 0.347155 1.022685 0.100000
v 0.279525 1.043200 0.100000
v 0.210698 1.059248 0.100000
v 0.140968 1.070760 0.100000
v 0.070635 1.077688 0.100000
v 0.000000 1.080000 0.100000
v -0.070635 1.077688 0.100000
v -0.140968 1.070760 0.100000
v -0.210698 1.059248 0.100000
v -0.279525 1.043200 0.100000
v -0.347155 1.022685 0.100000
v -0.413298 0.997790 0.100000
v -0.477672 0.968623 0.100000
v -0.540000 0.935307 0.100000
v -0.600016 0.897987 0.100000
v -0.657462 0.856822 0.100000
v -0.712093 0.811987 0.100000
v -0.763675 0.763675 0.100000
v -0.811987 0.712093 0.100000
v -0.856822 0.657462 0.100000
v -0.897987 0.600016 0.100000
v -0.935307 0.540000 0.100000
v -0.968623 0.477672 0.100000
v -0.997790 0.413298 0.100000
v -1.022685 0.347155 0.100000
v -1.043200 0.279525 0.100000
v -1.059248 0.210698 0.100000
v -1.070760 0.140968 0.100000
v -1.077688 0.070635 0.100000
v -1.080000 0.000000 0.100000
v -1.077688 -0.070635 0.100000
v -1.070760 -0.140968 0.100000
v -1.059248 -0.210698 0.100000
v -1.043200 -0.279525 0.100000
v -1.022685 -0.347155 0.100000
v -0.997790 -0.413298 0.100000
v -0.968623 -0.477672 0.100000
v -0.935307 -0.540000 0.100000
v -0.897987 -0.600016 0.100000
v -0.856822 -0.657462 0.100000
v -0.811987 -0.712093 0.100000
v -0.763675 -0.763675 0.100000
v -0.712093 -0.811987 0.100000
v -0.657462 -0.856822 0.100000
v -0.600016 -0.897987 0.100000
v -0.540000 -0.935307 0.100000
v -0.477672 -0.968623 0.100000
v -0.413298 -0.997790 0.100000
v -0.347155 -1.022685 0.100000
v -0.279525 -1.043200 0.100000
v -0.210698 -1.059248 0.100000
v -0.140968 -1.070760 0.100000
v -0.070635 -1.077688 0.100000
v -0.000000 -1.080000 0.100000
v 0.070635 -1.077688 0.100000
v 0.140968 -1.070760 0.100000
v 0.210698 -1.059248 0.100000
v 0.279525 -1.043200 0.100000
v 0.347155 -1.022685 0.100000
v 0.413298 -0.997790 0.100000
v 0.477672 -0.968623 0.100000
v 0.540000 -0.935307 0.100000
v 0.600016 -0.897987 0.100000
v 0.657462 -0.856822 0.100000
v 0.712093 -0.811987 0.100000
v 0.763675 -0.763675 0.100000
v 0.811987 -0.712093 0.100000
v 0.856822 -0.657462 0.100000
v 0.897987 -0.600016 0.100000
v 0.935307 -0.540000 0.100000
v 0.968623 -0.477672 0.100000
v 0.997790 -0.413298 0.100000
v 1.022685 -0.347155 0.100000
v 1.043200 -0.279525 0.100000
v 1.059248 -0.210698 0.100000
v 1.070760 -0.140968 0.100000
v 1.077688 -0.070635 0.100000
v 1.120000 0.000000 0.220000
v 1.117602 0.073252 0.220000
v 1.110418 0.146189 0.220000
v 1.098480 0.218501 0.220000
v 1.081837 0.289877 0.220000
v 1.060562 0.360012 0.220000
v 1.034745 0.428605 0.220000
v 1.004497 0.495363 0.220000
v 0.969948 0.560000 0.220000
v 0.931246 0.622239 0.220000
v 0.888556 0.681813 0.220000
v 0.842061 0.738467 0.220000
v 0.791960 0.791960 0.220000
v 0.738467 0.842061 0.220000
v 0.681813 0.888556 0.220000
v 0.622239 0.931246 0.220000
v 0.560000 0.969948 0.220000
v 0.495363 1.004497 0.220000
v 0.428605 1.034745 0.220000
v 0.360012 1.060562 0.220000
v 0.289877 1.081837 0.220000
v 0.218501 1.098480 0.220000
v 0.146189 1.110418 0.220000
v 0.073252 1.117602 0.220000
v 0.000000 1.120000 0.220000
v -0.073252 1.117602 0.220000
v -0.146189 1.110418 0.220000
v -0.218501 1.098480 0.220000
v -0.289877 1.081837 0.220000
v -0.360012 1.060562 0.220000
v -0.428605 1.034745 0.220000
v -0.495363 1.004497 0.220000
v -0.560000 0.969948 0.220000
v -0.622239 0.931246 0.220000
v -0.681813 0.888556 0.220000
v -0.738467 0.842061 0.220000
v -0.791960 0.791960 0.220000
v -0.842061 0.738467 0.220000
v -0.888556 0.681813 0.220000
v -0.931246 0.622239 0.220000
v -0.969948 0.560000 0.220000
v -1.004497 0.495363 0.220000
v -1.034745 0.428605 0.220000
v -1.060562 0.360012 0.220000
v -1.081837 0.289877 0.220000
v -1.098480 0.218501 0.220000
v -1.110418 0.146189 0.220000
v -1.117602 0.073252 0.220000
v -1.120000 0.000000 0.220000
v -1.117602 -0.073252 0.220000
v -1.110418 -0.146189 0.220000
v -1.098480 -0.218501 0.220000
v -1.081837 -0.289877 0.220000
v -1.060562 -0.360012 0.220000
v -1.034745 -0.428605 0.220000
v -1.004497 -0.495363 0.220000
v -0.969948 -0.560000 0.220000
v -0.931246 -0.622239 0.220000
v -0.888556 -0.681813 0.220000
v -0.842061 -0.738467 0.220000
v -0.791960 -0.791960 0.220000
v -0.738467 -0.842061 0.220000
v -0.681813 -0.888556 0.220000
v -0.622239 -0.931246 0.220000
v -0.560000 -0.969948 0.220000
v -0.495363 -1.004497 0.220000
v -0.428605 -1.034745 0.220000
v -0.360012 -1.060562 0.220000
v -0.289877 -1.081837 0.220000
v -0.218501 -1.098480 0.220000
v -0.146189 -1.110418 0.220000
v -0.073252 -1.117602 0.220000
v -0.000000 -1.120000 0.220000
v 0.073252 -1.117602 0.220000
v 0.146189 -1.110418 0.220000
v 0.218501 -1.098480 0.220000
v 0.289877 -1.081837 0.220000
v 0.360012 -1.060562 0.220000
v 0.428605 -1.034745 0.220000
v 0.495363 -1.004497 0.220000
v 0.560000 -0.969948 0.220000
v 0.622239 -0.931246 0.220000
v 0.681813 -0.888556 0.220000
v 0.738467 -0.842061 0.220000
v 0.791960 -0.791960 0.220000
v 0.842061 -0.738467 0.220000
v 0.888556 -0.681813 0.220000
v 0.931246 -0.622239 0.220000
v 0.969948 -0.560000 0.220000
v 1.004497 -0.495363 0.220000
v 1.034745 -0.428605 0.220000
v 1.060562 -0.360012 0.220000
v 1.081837 -0.289877 0.220000
v 1.098480 -0.218501 0.220000
v 1.110418 -0.146189 0.220000
v 1.117602 -0.073252 0.220000
v 1.130000 0.000000 0.450000
v 1.127581 0.073906 0.450000
v 1.120333 0.147495 0.450000
v 1.108287 0.220452 0.450000
v 1.091496 0.292466 0.450000
v 1.070031 0.363227 0.450000
v 1.043984 0.432432 0.450000
v 1.013466 0.499786 0.450000
v 0.978609 0.565000 0.450000
v 0.939561 0.627794 0.450000
v 0.896489 0.687900 0.450000
v 0.849579 0.745061 0.450000
v 0.799031 0.799031 0.450000
v 0.745061 0.849579 0.450000
v 0.687900 0.896489 0.450000
v 0.627794 0.939561 0.450000
v 0.565000 0.978609 0.450000
v 0.499786 1.013466 0.450000
v 0.432432 1.043984 0.450000
v 0.363227 1.070031 0.450000
v 0.292466 1.091496 0.450000
v 0.220452 1.108287 0.450000
v 0.147495 1.120333 0.450000
v 0.073906 1.127581 0.450000
v 0.000000 1.130000 0.450000
v -0.073906 1.127581 0.450000
v -0.147495 1.120333 0.450000
v -0.220452 1.108287 0.450000
v -0.292466 1.091496 0.450000
v -0.363227 1.070031 0.450000
v -0.432432 1.043984 0.450000
v -0.499786 1.013466 0.450000
v -0.565000 0.978609 0.450000
v -0.627794 0.939561 0.450000
v -0.687900 0.896489 0.450000
v -0.745061 0.849579 0.450000
v -0.799031 0.799031 0.450000
v -0.849579 0.745061 0.450000
v -0.896489 0.687900 0.450000
v -0.939561 0.627794 0.450000
v -0.978609 0.565000 0.450000
v -1.013466 0.499786 0.450000
v -1.043984 0.432432 0.450000
v -1.070031 0.363227 0.450000
v -1.091496 0.292466 0.450000
v -1.108287 0.220452 0.450000
v -1.120333 0.147495 0.450000
v -1.127581 0.073906 0.450000
v -1.130000 0.000000 0.450000
v -1.127581 -0.073906 0.450000
v -1.120333 -0.147495 0.450000
v -1.108287 -0.220452 0.450000
v -1.091496 -0.292466 0.450000
v -1.070031 -0.363227 0.450000
v -1.043984 -0.432432 0.450000
v -1.013466 -0.499786 0.450000
v -0.978609 -0.565000 0.450000
v -0.939561 -0.627794 0.450000
v -0.896489 -0.687900 0.450000
v -0.849579 -0.745061 0.450000
v -0.799031 -0.799031 0.450000
v -0.745061 -0.849579 0.450000
v -0.687900 -0.896489 0.450000
v -0.627794 -0.939561 0.450000
v -0.565000 -0.978609 0.450000
v -0.499786 -1.013466 0.450000
v -0.432432 -1.043984 0.450000
v -0.363227 -1.070031 0.450000
v -0.292466 -1.091496 0.450000
v -0.220452 -1.108287 0.450000
v -0.147495 -1.120333 0.450000
v -0.073906 -1.127581 0.450000
v -0.000000 -1.130000 0.450000
v 0.073906 -1.127581 0.450000
v 0.147495 -1.120333 0.450000
v 0.220452 -1.108287 0.450000
v 0.292466 -1.091496 0.450000
v 0.363227 -1.070031 0.450000
v 0.432432 -1.043984 0.450000
v 0.499786 -1.013466 0.450000
v 0.565000 -0.978609 0.450000
v 0.627794 -0.939561 0.450000
v 0.687900 -0.896489 0.450000
v 0.745061 -0.849579 0.450000
v 0.799031 -0.799031 0.450000
v 0.849579 -0.745061 0.450000
v 0.896489 -0.687900 0.450000
v 0.939561 -0.627794 0.450000
v 0.978609 -0.565000 0.450000
v 1.013466 -0.499786 0.450000
v 1.043984 -0.432432 0.450000
v 1.070031 -0.363227 0.450000
v 1.091496 -0.292466 0.450000
v 1.108287 -0.220452 0.450000
v 1.120333 -0.147495 0.450000
v 1.127581 -0.073906 0.450000
v 1.120000 0.000000 0.750000
v 1.117602 0.073252 0.750000
v 1.110418 0.146189 0.750000
v 1.098480 0.218501 0.750000
v 1.081837 0.289877 0.750000
v 1.060562 0.360012 0.750000
v 1.034745 0.428605 0.750000
v 1.004497 0.495363 0.750000
v 0.969948 0.560000 0.750000
v 0.931246 0.622239 0.750000
v 0.888556 0.681813 0.750000
v 0.842061 0.738467 0.750000
v 0.791960 0.791960 0.750000
v 0.738467 0.842061 0.750000
v 0.681813 0.888556 0.750000
v 0.622239 0.931246 0.750000
v 0.560000 0.969948 0.750000
v 0.495363 1.004497 0.750000
v 0.428605 1.034745 0.750000
v 0.360012 1.060562 0.750000
v 0.289877 1.081837 0.750000
v 0.218501 1.098480 0.750000
v 0.146189 1.110418 0.750000
v 0.073252 1.117602 0.750000
v 0.000000 1.120000 0.750000
v -0.073252 1.117602 0.750000
v -0.146189 1.110418 0.750000
v -0.218501 1.098480 0.750000
v -0.289877 1.081837 0.750000
v -0.360012 1.060562 0.750000
v -0.428605 1.034745 0.750000
v -0.495363 1.004497 0.750000
v -0.560000 0.969948 0.750000
v -0.622239 0.931246 0.750000
v -0.681813 0.888556 0.750000
v -0.738467 0.842061 0.750000
v -0.791960 0.791960 0.750000
v -0.842061 0.738467 0.750000
v -0.888556 0.681813 0.750000
v -0.931246 0.622239 0.750000
v -0.969948 0.560000 0.750000
v -1.004497 0.495363 0.750000
v -1.034745 0.428605 0.750000
v -1.060562 0.360012 0.750000
v -1.081837 0.289877 0.750000
v -1.098480 0.218501 0.750000
v -1.110418 0.146189 0.750000
v -1.117602 0.073252 0.750000
v -1.120000 0.000000 0.750000
v -1.117602 -0.073252 0.750000
v -1.110418 -0.146189 0.750000
v -1.098480 -0.218501 0.750000
v -1.081837 -0.289877 0.750000
v -1.060562 -0.360012 0.750000
v -1.034745 -0.428605 0.750000
v -1.004497 -0.495363 0.750000
v -0.969948 -0.560000 0.750000
v -0.931246 -0.622239 0.750000
v -0.888556 -0.681813 0.750000
v -0.842061 -0.738467 0.750000
v -0.791960 -0.791960 0.750000
v -0.738467 -0.842061 0.750000
v -0.681813 -0.888556 0.750000
v -0.622239 -0.931246 0.750000
v -0.560000 -0.969948 0.750000
v -0.495363 -1.004497 0.750000
v -0.428605 -1.034745 0.750000
v -0.360012 -1.060562 0.750000
v -0.289877 -1.081837 0.750000
v -0.218501 -1.098480 0.750000
v -0.146189 -1.110418 0.750000
v -0.073252 -1.117602 0.750000
v -0.000000 -1.120000 0.750000
v 0.073252 -1.117602 0.750000
v 0.146189 -1.110418 0.750000
v 0.218501 -1.098480 0.750000
v 0.289877 -1.081837 0.750000
v 0.360012 -1.060562 0.750000
v 0.428605 -1.034745 0.750000
v 0.495363 -1.004497 0.750000
v 0.560000 -0.969948 0.750000
v 0.622239 -0.931246 0.750000
v 0.681813 -0.888556 0.750000
v 0.738467 -0.842061 0.750000
v 0.791960 -0.791960 0.750000
v 0.842061 -0.738467 0.750000
v 0.888556 -0.681813 0.750000
v 0.931246 -0.622239 0.750000
v 0.969948 -0.560000 0.750000
v 1.004497 -0.495363 0.750000
v 1.034745 -0.428605 0.750000
v 1.060562 -0.360012 0.750000
v 1.081837 -0.289877 0.750000
v 1.098480 -0.218501 0.750000
v 1.110418 -0.146189 0.750000
v 1.117602 -0.073252 0.750000
v 1.100000 0.000000 1.050000
v 1.097645 0.071943 1.050000
v 1.090589 0.143579 1.050000
v 1.078864 0.214599 1.050000
v 1.062518 0.284701 1.050000
v 1.041623 0.353583 1.050000
v 1.016267 0.420952 1.050000
v 0.986560 0.486518 1.050000
v 0.952628 0.550000 1.050000
v 0.914617 0.611127 1.050000
v 0.872689 0.669638 1.050000
v 0.827024 0.725280 1.050000
v 0.777817 0.777817 1.050000
v 0.725280 0.827024 1.050000
v 0.669638 0.872689 1.050000
v 0.611127 0.914617 1.050000
v 0.550000 0.952628 1.050000
v 0.486518 0.986560 1.050000
v 0.420952 1.016267 1.050000
v 0.353583 1.041623 1.050000
v 0.284701 1.062518 1.050000
v 0.214599 1.078864 1.050000
v 0.143579 1.090589 1.050000
v 0.071943 1.097645 1.050000
v 0.000000 1.100000 1.050000
v -0.071943 1.097645 1.050000
v -0.143579 1.090589 1.050000
v -0.214599 1.078864 1.050000
v -0.284701 1.062518 1.050000
v -0.353583 1.041623 1.050000
v -0.420952 1.016267 1.050000
v -0.486518 0.986560 1.050000
v -0.550000 0.952628 1.050000
v -0.611127 0.914617 1.050000
v -0.669638 0.872689 1.050000
v -0.725280 0.827024 1.050000
v -0.777817 0.777817 1.050000
v -0.827024 0.725280 1.050000
v -0.872689 0.669638 1.050000
v -0.914617 0.611127 1.050000
v -0.952628 0.550000 1.050000
v -0.986560 0.486518 1.050000
v -1.016267 0.420952 1.050000
v -1.041623 0.353583 1.050000
v -1.062518 0.284701 1.050000
v -1.078864 0.214599 1.050000
v -1.090589 0.143579 1.050000
v -1.097645 0.071943 1.050000
v -1.100000 0.000000 1.050000
v -1.097645 -0.071943 1.050000
v -1.090589 -0.143579 1.050000
v -1.078864 -0.214599 1.050000
v -1.062518 -0.284701 1.050000
v -1.041623 -0.353583 1.050000
v -1.016267 -0.420952 1.050000
v -0.986560 -0.486518 1.050000
v -0.952628 -0.550000 1.050000
v -0.914617 -0.611127 1.050000
v -0.872689 -0.669638 1.050000
v -0.827024 -0.725280 1.050000
v -0.777817 -0.777817 1.050000
v -0.725280 -0.827024 1.050000
v -0.669638 -0.872689 1.050000
v -0.611127 -0.914617 1.050000
v -0.550000 -0.952628 1.050000
v -0.486518 -0.986560 1.050000
v -0.420952 -1.016267 1.050000
v -0.353583 -1.041623 1.050000
v -0.284701 -1.062518 1.050000
v -0.214599 -1.078864 1.050000
v -0.143579 -1.090589 1.050000
v -0.071943 -1.097645 1.050000
v -0.000000 -1.100000 1.050000
v 0.071943 -1.097645 1.050000
v 0.143579 -1.090589 1.050000
v 0.214599 -1.078864 1.050000
v 0.284701 -1.062518 1.050000
v 0.353583 -1.041623 1.050000
v 0.420952 -1.016267 1.050000
v 0.486518 -0.986560 1.050000
v 0.550000 -0.952628 1.050000
v 0.611127 -0.914617 1.050000
v 0.669638 -0.872689 1.050000
v 0.725280 -0.827024 1.050000
v 0.777817 -0.777817 1.050000
v 0.827024 -0.725280 1.050000
v 0.872689 -0.669638 1.050000
v 0.914617 -0.611127 1.050000
v 0.952628 -0.550000 1.050000
v 0.986560 -0.486518 1.050000
v 1.016267 -0.420952 1.050000
v 1.041623 -0.353583 1.050000
v 1.062518 -0.284701 1.050000
v 1.078864 -0.214599 1.050000
v 1.090589 -0.143579 1.050000
v 1.097645 -0.071943 1.050000
v 1.070000 0.000000 1.350000
v 1.067709 0.069981 1.350000
v 1.060846 0.139663 1.350000
v 1.049440 0.208747 1.350000
v 1.033541 0.276936 1.350000
v 1.013215 0.343940 1.350000
v 0.988551 0.409471 1.350000
v 0.959654 0.473249 1.350000
v 0.926647 0.535000 1.350000
v 0.889672 0.594460 1.350000
v 0.848888 0.651375 1.350000
v 0.804469 0.705500 1.350000
v 0.756604 0.756604 1.350000
v 0.705500 0.804469 1.350000
v 0.651375 0.848888 1.350000
v 0.594460 0.889672 1.350000
v 0.535000 0.926647 1.350000
v 0.473249 0.959654 1.350000
v 0.409471 0.988551 1.350000
v 0.343940 1.013215 1.350000
v 0.276936 1.033541 1.350000
v 0.208747 1.049440 1.350000
v 0.139663 1.060846 1.350000
v 0.069981 1.067709 1.350000
v 0.000000 1.070000 1.350000
v -0.069981 1.067709 1.350000
v -0.139663 1.060846 1.350000
v -0.208747 1.049440 1.350000
v -0.276936 1.033541 1.350000
v -0.343940 1.013215 1.350000
v -0.409471 0.988551 1.350000
v -0.473249 0.959654 1.350000
v -0.535000 0.926647 1.350000
v -0.594460 0.889672 1.350000
v -0.651375 0.848888 1.350000
v -0.705500 0.804469 1.350000
v -0.756604 0.756604 1.350000
v -0.804469 0.705500 1.350000
v -0.848888 0.651375 1.350000
v -0.889672 0.594460 1.350000
v -0.926647 0.535000 1.350000
v -0.959654 0.473249 1.350000
v -0.988551 0.409471 1.350000
v -1.013215 0.343940 1.350000
v -1.033541 0.276936 1.350000
v -1.049440 0.208747 1.350000
v -1.060846 0.139663 1.350000
v -1.067709 0.069981 1.350000
v -1.070000 0.000000 1.350000
v -1.067709 -0.069981 1.350000
v -1.060846 -0.139663 1.350000
v -1.049440 -0.208747 1.350000
v -1.033541 -0.276936 1.350000
v -1.013215 -0.343940 1.350000
v -0.988551 -0.409471 1.350000
v -0.959654 -0.473249 1.350000
v -0.926647 -0.535000 1.350000
v -0.889672 -0.594460 1.350000
v -0.848888 -0.651375 1.350000
v -0.804469 -0.705500 1.350000
v -0.756604 -0.756604 1.350000
v -0.705500 -0.804469 1.350000
v -0.651375 -0.848888 1.350000
v -0.594460 -0.889672 1.350000
v -0.535000 -0.926647 1.350000
v -0.473249 -0.959654 1.350000
v -0.409471 -0.988551 1.350000
v -0.343940 -1.013215 1.350000
v -0.276936 -1.033541 1.350000
v -0.208747 -1.049440 1.350000
v -0.139663 -1.060846 1.350000
v -0.069981 -1.067709 1.350000
v -0.000000 -1.070000 1.350000
v 0.069981 -1.067709 1.350000
v 0.139663 -1.060846 1.350000
v 0.208747 -1.049440 1.350000
v 0.276936 -1.033541 1.350000
v 0.343940 -1.013215 1.350000
v 0.409471 -0.988551 1.350000
v 0.473249 -0.959654 1.350000
v 0.535000 -0.926647 1.350000
v 0.594460 -0.889672 1.350000
v 0.651375 -0.848888 1.350000
v 0.705500 -0.804469 1.350000
v 0.756604 -0.756604 1.350000
v 0.804469 -0.705500 1.350000
v 0.848888 -0.651375 1.350000
v 0.889672 -0.594460 1.350000
v 0.926647 -0.535000 1.350000
v 0.959654 -0.473249 1.350000
v 0.988551 -0.409471 1.350000
v 1.013215 -0.343940 1.350000
v 1.033541 -0.276936 1.350000
v 1.049440 -0.208747 1.350000
v 1.060846 -0.139663 1.350000
v 1.067709 -0.069981 1.350000
v 1.030000 0.000000 1.550000
v 1.027795 0.067365 1.550000
v 1.021188 0.134442 1.550000
v 1.010209 0.200943 1.550000
v 0.994904 0.266584 1.550000
v 0.975338 0.331083 1.550000
v 0.951596 0.394164 1.550000
v 0.923779 0.455557 1.550000
v 0.892006 0.515000 1.550000
v 0.856414 0.572237 1.550000
v 0.817154 0.627024 1.550000
v 0.774395 0.679126 1.550000
v 0.728320 0.728320 1.550000
v 0.679126 0.774395 1.550000
v 0.627024 0.817154 1.550000
v 0.572237 0.856414 1.550000
v 0.515000 0.892006 1.550000
v 0.455557 0.923779 1.550000
v 0.394164 0.951596 1.550000
v 0.331083 0.975338 1.550000
v 0.266584 0.994904 1.550000
v 0.200943 1.010209 1.550000
v 0.134442 1.021188 1.550000
v 0.067365 1.027795 1.550000
v 0.000000 1.030000 1.550000
v -0.067365 1.027795 1.550000
v -0.134442 1.021188 1.550000
v -0.200943 1.010209 1.550000
v -0.266584 0.994904 1.550000
v -0.331083 0.975338 1.550000
v -0.394164 0.951596 1.550000
v -0.455557 0.923779 1.550000
v -0.515000 0.892006 1.550000
v -0.572237 0.856414 1.550000
v -0.627024 0.817154 1.550000
v -0.679126 0.774395 1.550000
v -0.728320 0.728320 1.550000
v -0.774395 0.679126 1.550000
v -0.817154 0.627024 1.550000
v -0.856414 0.572237 1.550000
v -0.892006 0.515000 1.550000
v -0.923779 0.455557 1.550000
v -0.951596 0.394164 1.550000
v -0.975338 0.331083 1.550000
v -0.994904 0.266584 1.550000
v -1.010209 0.200943 1.550000
v -1.021188 0.134442 1.550000
v -1.027795 0.067365 1.550000
v -1.030000 0.000000 1.550000
v -1.027795 -0.067365 1.550000
v -1.021188 -0.134442 1.550000
v -1.010209 -0.200943 1.550000
v -0.994904 -0.266584 1.550000
v -0.975338 -0.331083 1.550000
v -0.951596 -0.394164 1.550000
v -0.923779 -0.455557 1.550000
v -0.892006 -0.515000 1.550000
v -0.856414 -0.572237 1.550000
v -0.817154 -0.627024 1.550000
v -0.774395 -0.679126 1.550000
v -0.728320 -0.728320 1.550000
v -0.679126 -0.774395 1.550000
v -0.627024 -0.817154 1.550000
v -0.572237 -0.856414 1.550000
v -0.515000 -0.892006 1.550000
v -0.455557 -0.923779 1.550000
v -0.394164 -0.951596 1.550000
v -0.331083 -0.975338 1.550000
v -0.266584 -0.994904 1.550000
v -0.200943 -1.010209 1.550000
v -0.134442 -1.021188 1.550000
v -0.067365 -1.027795 1.550000
v -0.000000 -1.030000 1.550000
v 0.067365 -1.027795 1.550000
v 0.134442 -1.021188 1.550000
v 0.200943 -1.010209 1.550000
v 0.266584 -0.994904 1.550000
v 0.331083 -0.975338 1.550000
v 0.394164 -0.951596 1.550000
v 0.455557 -0.923779 1.550000
v 0.515000 -0.892006 1.550000
v 0.572237 -0.856414 1.550000
v 0.627024 -0.817154 1.550000
v 0.679126 -0.774395 1.550000
v 0.728320 -0.728320 1.550000
v 0.774395 -0.679126 1.550000
v 0.817154 -0.627024 1.550000
v 0.856414 -0.572237 1.550000
v 0.892006 -0.515000 1.550000
v 0.923779 -0.455557 1.550000
v 0.951596 -0.394164 1.550000
v 0.975338 -0.331083 1.550000
v 0.994904 -0.266584 1.550000
v 1.010209 -0.200943 1.550000
v 1.021188 -0.134442 1.550000
v 1.027795 -0.067365 1.550000
v 1.000000 0.000000 1.700000
v 0.997859 0.065403 1.700000
v 0.991445 0.130526 1.700000
v 0.980785 0.195090 1.700000
v 0.965926 0.258819 1.700000
v 0.946930 0.321439 1.700000
v 0.923880 0.382683 1.700000
v 0.896873 0.442289 1.700000
v 0.866025 0.500000 1.700000
v 0.831470 0.555570 1.700000
v 0.793353 0.608761 1.700000
v 0.751840 0.659346 1.700000
v 0.707107 0.707107 1.700000
v 0.659346 0.751840 1.700000
v 0.608761 0.793353 1.700000
v 0.555570 0.831470 1.700000
v 0.500000 0.866025 1.700000
v 0.442289 0.896873 1.700000
v 0.382683 0.923880 1.700000
v 0.321439 0.946930 1.700000
v 0.258819 0.965926 1.700000
v 0.195090 0.980785 1.700000
v 0.130526 0.991445 1.700000
v 0.065403 0.997859 1.700000
v 0.000000 1.000000 1.700000
v -0.065403 0.997859 1.700000
v -0.130526 0.991445 1.700000
v -0.195090 0.980785 1.700000
v -0.258819 0.965926 1.700000
v -0.321439 0.946930 1.700000
v -0.382683 0.923880 1.700000
v -0.442289 0.896873 1.700000
v -0.500000 0.866025 1.700000
v -0.555570 0.831470 1.700000
v -0.608761 0.793353 1.700000
v -0.659346 0.751840 1.700000
v -0.707107 0.707107 1.700000
v -0.751840 0.659346 1.700000
v -0.793353 0.608761 1.700000
v -0.831470 0.555570 1.700000
v -0.866025 0.500000 1.700000
v -0.896873 0.442289 1.700000
v -0.923880 0.382683 1.700000
v -0.946930 0.321439 1.700000
v -0.965926 0.258819 1.700000
v -0.980785 0.195090 1.700000
v -0.991445 0.130526 1.700000
v -0.997859 0.065403 1.700000
v -1.000000 0.000000 1.700000
v -0.997859 -0.065403 1.700000
v -0.991445 -0.130526 1.700000
v -0.980785 -0.195090 1.700000
v -0.965926 -0.258819 1.700000
v -0.946930 -0.321439 1.700000
v -0.923880 -0.382683 1.700000
v -0.896873 -0.442289 1.700000
v -0.866025 -0.500000 1.700000
v -0.831470 -0.555570 1.700000
v -0.793353 -0.608761 1.700000
v -0.751840 -0.659346 1.700000
v -0.707107 -0.707107 1.700000
v -0.659346 -0.751840 1.700000
v -0.608761 -0.793353 1.700000
v -0.555570 -0.831470 1.700000
v -0.500000 -0.866025 1.700000
v -0.442289 -0.896873 1.700000
v -0.382683 -0.923880 1.700000
v -0.321439 -0.946930 1.700000
v -0.258819 -0.965926 1.700000
v -0.195090 -0.980785 1.700000
v -0.130526 -0.991445 1.700000
v -0.065403 -0.997859 1.700000
v -0.000000 -1.000000 1.700000
v 0.065403 -0.997859 1.700000
v 0.130526 -0.991445 1.700000
v 0.195090 -0.980785 1.700000
v 0.258819 -0.965926 1.700000
v 0.321439 -0.946930 1.700000
v 0.382683 -0.923880 1.700000
v 0.442289 -0.896873 1.700000
v 0.500000 -0.866025 1.700000
v 0.555570 -0.831470 1.700000
v 0.608761 -0.793353 1.700000
v 0.659346 -0.751840 1.700000
v 0.707107 -0.707107 1.700000
v 0.751840 -0.659346 1.700000
v 0.793353 -0.608761 1.700000
v 0.831470 -0.555570 1.700000
v 0.866025 -0.500000 1.700000
v 0.896873 -0.442289 1.700000
v 0.923880 -0.382683 1.700000
v 0.946930 -0.321439 1.700000
v 0.965926 -0.258819 1.700000
v 0.980785 -0.195090 1.700000
v 0.991445 -0.130526 1.700000
v 0.997859 -0.065403 1.700000
v 1.000000 0.000000 2.850000
v 0.997859 0.065403 2.850000
v 0.991445 0.130526 2.850000
v 0.980785 0.195090 2.850000
v 0.965926 0.258819 2.850000
v 0.946930 0.321439 2.850000
v 0.923880 0.382683 2.850000
v 0.896873 0.442289 2.850000
v 0.866025 0.500000 2.850000
v 0.831470 0.555570 2.850000
v 0.793353 0.608761 2.850000
v 0.751840 0.659346 2.850000
v 0.707107 0.707107 2.850000
v 0.659346 0.751840 2.850000
v 0.608761 0.793353 2.850000
v 0.555570 0.831470 2.850000
v 0.500000 0.866025 2.850000
v 0.442289 0.896873 2.850000
v 0.382683 0.923880 2.850000
v 0.321439 0.946930 2.850000
v 0.258819 0.965926 2.850000
v 0.195090 0.980785 2.850000
v 0.130526 0.991445 2.850000
v 0.065403 0.997859 2.850000
v 0.000000 1.000000 2.850000
v -0.065403 0.997859 2.850000
v -0.130526 0.991445 2.850000
v -0.195090 0.980785 2.850000
v -0.258819 0.965926 2.850000
v -0.321439 0.946930 2.850000
v -0.382683 0.923880 2.850000
v -0.442289 0.896873 2.850000
v -0.500000 0.866025 2.850000
v -0.555570 0.831470 2.850000
v -0.608761 0.793353 2.850000
v -0.659346 0.751840 2.850000
v -0.707107 0.707107 2.850000
v -0.751840 0.659346 2.850000
v -0.793353 0.608761 2.850000
v -0.831470 0.555570 2.850000
v -0.866025 0.500000 2.850000
v -0.896873 0.442289 2.850000
v -0.923880 0.382683 2.850000
v -0.946930 0.321439 2.850000
v -0.965926 0.258819 2.850000
v -0.980785 0.195090 2.850000
v -0.991445 0.130526 2.850000
v -0.997859 0.065403 2.850000
v -1.000000 0.000000 2.850000
v -0.997859 -0.065403 2.850000
v -0.991445 -0.130526 2.850000
v -0.980785 -0.195090 2.850000
v -0.965926 -0.258819 2.850000
v -0.946930 -0.321439 2.850000
v -0.923880 -0.382683 2.850000
v -0.896873 -0.442289 2.850000
v -0.866025 -0.500000 2.850000
v -0.831470 -0.555570 2.850000
v -0.793353 -0.608761 2.850000
v -0.751840 -0.659346 2.850000
v -0.707107 -0.707107 2.850000
v -0.659346 -0.751840 2.850000
v -0.608761 -0.793353 2.850000
v -0.555570 -0.831470 2.850000
v -0.500000 -0.866025 2.850000
v -0.442289 -0.896873 2.850000
v -0.382683 -0.923880 2.850000
v -0.321439 -0.946930 2.850000
v -0.258819 -0.965926 2.850000
v -0.195090 -0.980785 2.850000
v -0.130526 -0.991445 2.850000
v -0.065403 -0.997859 2.850000
v -0.000000 -1.000000 2.850000
v 0.065403 -0.997859 2.850000
v 0.130526 -0.991445 2.850000
v 0.195090 -0.980785 2.850000
v 0.258819 -0.965926 2.850000
v 0.321439 -0.946930 2.850000
v 0.382683 -0.923880 2.850000
v 0.442289 -0.896873 2.850000
v 0.500000 -0.866025 2.850000
v 0.555570 -0.831470 2.850000
v 0.608761 -0.793353 2.850000
v 0.659346 -0.751840 2.850000
v 0.707107 -0.707107 2.850000
v 0.751840 -0.659346 2.850000
v 0.793353 -0.608761 2.850000
v 0.831470 -0.555570 2.850000
v 0.866025 -0.500000 2.850000
v 0.896873 -0.442289 2.850000
v 0.923880 -0.382683 2.850000
v 0.946930 -0.321439 2.850000
v 0.965926 -0.258819 2.850000
v 0.980785 -0.195090 2.850000
v 0.991445 -0.130526 2.850000
v 0.997859 -0.065403 2.850000
v 1.020000 0.000000 2.950000
v 1.017816 0.066711 2.950000
v 1.011274 0.133137 2.950000
v 1.000401 0.198992 2.950000
v 0.985244 0.263995 2.950000
v 0.965869 0.327868 2.950000
v 0.942357 0.390337 2.950000
v 0.914810 0.451134 2.950000
v 0.883346 0.510000 2.950000
v 0.848099 0.566682 2.950000
v 0.809220 0.620937 2.950000
v 0.766877 0.672533 2.950000
v 0.721249 0.721249 2.950000
v 0.672533 0.766877 2.950000
v 0.620937 0.809220 2.950000
v 0.566682 0.848099 2.950000
v 0.510000 0.883346 2.950000
v 0.451134 0.914810 2.950000
v 0.390337 0.942357 2.950000
v 0.327868 0.965869 2.950000
v 0.263995 0.985244 2.950000
v 0.198992 1.000401 2.950000
v 0.133137 1.011274 2.950000
v 0.066711 1.017816 2.950000
v 0.000000 1.020000 2.950000
v -0.066711 1.017816 2.950000
v -0.133137 1.011274 2.950000
v -0.198992 1.000401 2.950000
v -0.263995 0.985244 2.950000
v -0.327868 0.965869 2.950000
v -0.390337 0.942357 2.950000
v -0.451134 0.914810 2.950000
v -0.510000 0.883346 2.950000
v -0.566682 0.848099 2.950000
v -0.620937 0.809220 2.950000
v -0.672533 0.766877 2.950000
v -0.721249 0.721249 2.950000
v -0.766877 0.672533 2.950000
v -0.809220 0.620937 2.950000
v -0.848099 0.566682 2.950000
v -0.883346 0.510000 2.950000
v -0.914810 0.451134 2.950000
v -0.942357 0.390337 2.950000
v -0.965869 0.327868 2.950000
v -0.985244 0.263995 2.950000
v -1.000401 0.198992 2.950000
v -1.011274 0.133137 2.950000
v -1.017816 0.066711 2.950000
v -1.020000 0.000000 2.950000
v -1.017816 -0.066711 2.950000
v -1.011274 -0.133137 2.950000
v -1.000401 -0.198992 2.950000
v -0.985244 -0.263995 2.950000
v -0.965869 -0.327868 2.950000
v -0.942357 -0.390337 2.950000
v -0.914810 -0.451134 2.950000
v -0.883346 -0.510000 2.950000
v -0.848099 -0.566682 2.950000
v -0.809220 -0.620937 2.950000
v -0.766877 -0.672533 2.950000
v -0.721249 -0.721249 2.950000
v -0.672533 -0.766877 2.950000
v -0.620937 -0.809220 2.950000
v -0.566682 -0.848099 2.950000
v -0.510000 -0.883346 2.950000
v -0.451134 -0.914810 2.950000
v -0.390337 -0.942357 2.950000
v -0.327868 -0.965869 2.950000
v -0.263995 -0.985244 2.950000
v -0.198992 -1.000401 2.950000
v -0.133137 -1.011274 2.950000
v -0.066711 -1.017816 2.950000
v -0.000000 -1.020000 2.950000
v 0.066711 -1.017816 2.950000
v 0.133137 -1.011274 2.950000
v 0.198992 -1.000401 2.950000
v 0.263995 -0.985244 2.950000
v 0.327868 -0.965869 2.950000
v 0.390337 -0.942357 2.950000
v 0.451134 -0.914810 2.950000
v 0.510000 -0.883346 2.950000
v 0.566682 -0.848099 2.950000
v 0.620937 -0.809220 2.950000
v 0.672533 -0.766877 2.950000
v 0.721249 -0.721249 2.950000
v 0.766877 -0.672533 2.950000
v 0.809220 -0.620937 2.950000
v 0.848099 -0.566682 2.950000
v 0.883346 -0.510000 2.950000
v 0.914810 -0.451134 2.950000
v 0.942357 -0.390337 2.950000
v 0.965869 -0.327868 2.950000
v 0.985244 -0.263995 2.950000
v 1.000401 -0.198992 2.950000
v 1.011274 -0.133137 2.950000
v 1.017816 -0.066711 2.950000
v 1.020000 0.000000 3.100000
v 1.017816 0.066711 3.100000
v 1.011274 0.133137 3.100000
v 1.000401 0.198992 3.100000
v 0.985244 0.263995 3.100000
v 0.965869 0.327868 3.100000
v 0.942357 0.390337 3.100000
v 0.914810 0.451134 3.100000
v 0.883346 0.510000 3.100000
v 0.848099 0.566682 3.100000
v 0.809220 0.620937 3.100000
v 0.766877 0.672533 3.100000
v 0.721249 0.721249 3.100000
v 0.672533 0.766877 3.100000
v 0.620937 0.809220 3.100000
v 0.566682 0.848099 3.100000
v 0.510000 0.883346 3.100000
v 0.451134 0.914810 3.100000
v 0.390337 0.942357 3.100000
v 0.327868 0.965869 3.100000
v 0.263995 0.985244 3.100000
v 0.198992 1.000401 3.100000
v 0.133137 1.011274 3.100000
v 0.066711 1.017816 3.100000
v 0.000000 1.020000 3.100000
v -0.066711 1.017816 3.100000
v -0.133137 1.011274 3.100000
v -0.198992 1.000401 3.100000
v -0.263995 0.985244 3.100000
v -0.327868 0.965869 3.100000
v -0.390337 0.942357 3.100000
v -0.451134 0.914810 3.100000
v -0.510000 0.883346 3.100000
v -0.566682 0.848099 3.100000
v -0.620937 0.809220 3.100000
v -0.672533 0.766877 3.100000
v -0.721249 0.721249 3.100000
v -0.766877 0.672533 3.100000
v -0.809220 0.620937 3.100000
v -0.848099 0.566682 3.100000
v -0.883346 0.510000 3.100000
v -0.914810 0.451134 3.100000
v -0.942357 0.390337 3.100000
v -0.965869 0.327868 3.100000
v -0.985244 0.263995 3.100000
v -1.000401 0.198992 3.100000
v -1.011274 0.133137 3.100000
v -1.017816 0.066711 3.100000
v -1.020000 0.000000 3.100000
v -1.017816 -0.066711 3.100000
v -1.011274 -0.133137 3.100000
v -1.000401 -0.198992 3.100000
v -0.985244 -0.263995 3.100000
v -0.965869 -0.327868 3.100000
v -0.942357 -0.390337 3.100000
v -0.914810 -0.451134 3.100000
v -0.883346 -0.510000 3.100000
v -0.848099 -0.566682 3.100000
v -0.809220 -0.620937 3.100000
v -0.766877 -0.672533 3.100000
v -0.721249 -0.721249 3.100000
v -0.672533 -0.766877 3.100000
v -0.620937 -0.809220 3.100000
v -0.566682 -0.848099 3.100000
v -0.510000 -0.883346 3.100000
v -0.451134 -0.914810 3.100000
v -0.390337 -0.942357 3.100000
v -0.327868 -0.965869 3.100000
v -0.263995 -0.985244 3.100000
v -0.198992 -1.000401 3.100000
v -0.133137 -1.011274 3.100000
v -0.066711 -1.017816 3.100000
v -0.000000 -1.020000 3.100000
v 0.066711 -1.017816 3.100000
v 0.133137 -1.011274 3.100000
v 0.198992 -1.000401 3.100000
v 0.263995 -0.985244 3.100000
v 0.327868 -0.965869 3.100000
v 0.390337 -0.942357 3.100000
v 0.451134 -0.914810 3.100000
v 0.510000 -0.883346 3.100000
v 0.566682 -0.848099 3.100000
v 0.620937 -0.809220 3.100000
v 0.672533 -0.766877 3.100000
v 0.721249 -0.721249 3.100000
v 0.766877 -0.672533 3.100000
v 0.809220 -0.620937 3.100000
v 0.848099 -0.566682 3.100000
v 0.883346 -0.510000 3.100000
v 0.914810 -0.451134 3.100000
v 0.942357 -0.390337 3.100000
v 0.965869 -0.327868 3.100000
v 0.985244 -0.263995 3.100000
v 1.000401 -0.198992 3.100000
v 1.011274 -0.133137 3.100000
v 1.017816 -0.066711 3.100000
v 1.000000 0.000000 3.220000
v 0.997859 0.065403 3.220000
v 0.991445 0.130526 3.220000
v 0.980785 0.195090 3.220000
v 0.965926 0.258819 3.220000
v 0.946930 0.321439 3.220000
v 0.923880 0.382683 3.220000
v 0.896873 0.442289 3.220000
v 0.866025 0.500000 3.220000
v 0.831470 0.555570 3.220000
v 0.793353 0.608761 3.220000
v 0.751840 0.659346 3.220000
v 0.707107 0.707107 3.220000
v 0.659346 0.751840 3.220000
v 0.608761 0.793353 3.220000
v 0.555570 0.831470 3.220000
v 0.500000 0.866025 3.220000
v 0.442289 0.896873 3.220000
v 0.382683 0.923880 3.220000
v 0.321439 0.946930 3.220000
v 0.258819 0.965926 3.220000
v 0.195090 0.980785 3.220000
v 0.130526 0.991445 3.220000
v 0.065403 0.997859 3.220000
v 0.000000 1.000000 3.220000
v -0.065403 0.997859 3.220000
v -0.130526 0.991445 3.220000
v -0.195090 0.980785 3.220000
v -0.258819 0.965926 3.220000
v -0.321439 0.946930 3.220000
v -0.382683 0.923880 3.220000
v -0.442289 0.896873 3.220000
v -0.500000 0.866025 3.220000
v -0.555570 0.831470 3.220000
v -0.608761 0.793353 3.220000
v -0.659346 0.751840 3.220000
v -0.707107 0.707107 3.220000
v -0.751840 0.659346 3.220000
v -0.793353 0.608761 3.220000
v -0.831470 0.555570 3.220000
v -0.866025 0.500000 3.220000
v -0.896873 0.442289 3.220000
v -0.923880 0.382683 3.220000
v -0.946930 0.321439 3.220000
v -0.965926 0.258819 3.220000
v -0.980785 0.195090 3.220000
v -0.991445 0.130526 3.220000
v -0.997859 0.065403 3.220000
v -1.000000 0.000000 3.220000
v -0.997859 -0.065403 3.220000
v -0.991445 -0.130526 3.220000
v -0.980785 -0.195090 3.220000
v -0.965926 -0.258819 3.220000
v -0.946930 -0.321439 3.220000
v -0.923880 -0.382683 3.220000
v -0.896873 -0.442289 3.220000
v -0.866025 -0.500000 3.220000
v -0.831470 -0.555570 3.220000
v -0.793353 -0.608761 3.220000
v -0.751840 -0.659346 3.220000
v -0.707107 -0.707107 3.220000
v -0.659346 -0.751840 3.220000
v -0.608761 -0.793353 3.220000
v -0.555570 -0.831470 3.220000
v -0.500000 -0.866025 3.220000
v -0.442289 -0.896873 3.220000
v -0.382683 -0.923880 3.220000
v -0.321439 -0.946930 3.220000
v -0.258819 -0.965926 3.220000
v -0.195090 -0.980785 3.220000
v -0.130526 -0.991445 3.220000
v -0.065403 -0.997859 3.220000
v -0.000000 -1.000000 3.220000
v 0.065403 -0.997859 3.220000
v 0.130526 -0.991445 3.220000
v 0.195090 -0.980785 3.220000
v 0.258819 -0.965926 3.220000
v 0.321439 -0.946930 3.220000
v 0.382683 -0.923880 3.220000
v 0.442289 -0.896873 3.220000
v 0.500000 -0.866025 3.220000
v 0.555570 -0.831470 3.220000
v 0.608761 -0.793353 3.220000
v 0.659346 -0.751840 3.220000
v 0.707107 -0.707107 3.220000
v 0.751840 -0.659346 3.220000
v 0.793353 -0.608761 3.220000
v 0.831470 -0.555570 3.220000
v 0.866025 -0.500000 3.220000
v 0.896873 -0.442289 3.220000
v 0.923880 -0.382683 3.220000
v 0.946930 -0.321439 3.220000
v 0.965926 -0.258819 3.220000
v 0.980785 -0.195090 3.220000
v 0.991445 -0.130526 3.220000
v 0.997859 -0.065403 3.220000
v 0.940000 0.000000 3.380000
v 0.937987 0.061479 3.380000
v 0.931958 0.122695 3.380000
v 0.921938 0.183385 3.380000
v 0.907970 0.243290 3.380000
v 0.890114 0.302153 3.380000
v 0.868447 0.359722 3.380000
v 0.843060 0.415751 3.380000
v 0.814064 0.470000 3.380000
v 0.781581 0.522236 3.380000
v 0.745752 0.572236 3.380000
v 0.706729 0.619785 3.380000
v 0.664680 0.664680 3.380000
v 0.619785 0.706729 3.380000
v 0.572236 0.745752 3.380000
v 0.522236 0.781581 3.380000
v 0.470000 0.814064 3.380000
v 0.415751 0.843060 3.380000
v 0.359722 0.868447 3.380000
v 0.302153 0.890114 3.380000
v 0.243290 0.907970 3.380000
v 0.183385 0.921938 3.380000
v 0.122695 0.931958 3.380000
v 0.061479 0.937987 3.380000
v 0.000000 0.940000 3.380000
v -0.061479 0.937987 3.380000
v -0.122695 0.931958 3.380000
v -0.183385 0.921938 3.380000
v -0.243290 0.907970 3.380000
v -0.302153 0.890114 3.380000
v -0.359722 0.868447 3.380000
v -0.415751 0.843060 3.380000
v -0.470000 0.814064 3.380000
v -0.522236 0.781581 3.380000
v -0.572236 0.745752 3.380000
v -0.619785 0.706729 3.380000
v -0.664680 0.664680 3.380000
v -0.706729 0.619785 3.380000
v -0.745752 0.572236 3.380000
v -0.781581 0.522236 3.380000
v -0.814064 0.470000 3.380000
v -0.843060 0.415751 3.380000
v -0.868447 0.359722 3.380000
v -0.890114 0.302153 3.380000
v -0.907970 0.243290 3.380000
v -0.921938 0.183385 3.380000
v -0.931958 0.122695 3.380000
v -0.937987 0.061479 3.380000
v -0.940000 0.000000 3.380000
v -0.937987 -0.061479 3.380000
v -0.931958 -0.122695 3.380000
v -0.921938 -0.183385 3.380000
v -0.907970 -0.243290 3.380000
v -0.890114 -0.302153 3.380000
v -0.868447 -0.359722 3.380000
v -0.843060 -0.415751 3.380000
v -0.814064 -0.470000 3.380000
v -0.781581 -0.522236 3.380000
v -0.745752 -0.572236 3.380000
v -0.706729 -0.619785 3.380000
v -0.664680 -0.664680 3.380000
v -0.619785 -0.706729 3.380000
v -0.572236 -0.745752 3.380000
v -0.522236 -0.781581 3.380000
v -0.470000 -0.814064 3.380000
v -0.415751 -0.843060 3.380000
v -0.359722 -0.868447 3.380000
v -0.302153 -0.890114 3.380000
v -0.243290 -0.907970 3.380000
v -0.183385 -0.921938 3.380000
v -0.122695 -0.931958 3.380000
v -0.061479 -0.937987 3.380000
v -0.000000 -0.940000 3.380000
v 0.061479 -0.937987 3.380000
v 0.122695 -0.931958 3.380000
v 0.183385 -0.921938 3.380000
v 0.243290 -0.907970 3.380000
v 0.302153 -0.890114 3.380000
v 0.359722 -0.868447 3.380000
v 0.415751 -0.843060 3.380000
v 0.470000 -0.814064 3.380000
v 0.522236 -0.781581 3.380000
v 0.572236 -0.745752 3.380000
v 0.619785 -0.706729 3.380000
v 0.664680 -0.664680 3.380000
v 0.706729 -0.619785 3.380000
v 0.745752 -0.572236 3.380000
v 0.781581 -0.522236 3.380000
v 0.814064 -0.470000 3.380000
v 0.843060 -0.415751 3.380000
v 0.868447 -0.359722 3.380000
v 0.890114 -0.302153 3.380000
v 0.907970 -0.243290 3.380000
v 0.921938 -0.183385 3.380000
v 0.931958 -0.122695 3.380000
v 0.937987 -0.061479 3.380000
v 0.800000 0.000000 3.620000
v 0.798287 0.052323 3.620000
v 0.793156 0.104421 3.620000
v 0.784628 0.156072 3.620000
v 0.772741 0.207055 3.620000
v 0.757544 0.257152 3.620000
v 0.739104 0.306147 3.620000
v 0.717498 0.353831 3.620000
v 0.692820 0.400000 3.620000
v 0.665176 0.444456 3.620000
v 0.634683 0.487009 3.620000
v 0.601472 0.527477 3.620000
v 0.565685 0.565685 3.620000
v 0.527477 0.601472 3.620000
v 0.487009 0.634683 3.620000
v 0.444456 0.665176 3.620000
v 0.400000 0.692820 3.620000
v 0.353831 0.717498 3.620000
v 0.306147 0.739104 3.620000
v 0.257152 0.757544 3.620000
v 0.207055 0.772741 3.620000
v 0.156072 0.784628 3.620000
v 0.104421 0.793156 3.620000
v 0.052323 0.798287 3.620000
v 0.000000 0.800000 3.620000
v -0.052323 0.798287 3.620000
v -0.104421 0.793156 3.620000
v -0.156072 0.784628 3.620000
v -0.207055 0.772741 3.620000
v -0.257152 0.757544 3.620000
v -0.306147 0.739104 3.620000
v -0.353831 0.717498 3.620000
v -0.400000 0.692820 3.620000
v -0.444456 0.665176 3.620000
v -0.487009 0.634683 3.620000
v -0.527477 0.601472 3.620000
v -0.565685 0.565685 3.620000
v -0.601472 0.527477 3.620000
v -0.634683 0.487009 3.620000
v -0.665176 0.444456 3.620000
v -0.692820 0.400000 3.620000
v -0.717498 0.353831 3.620000
v -0.739104 0.306147 3.620000
v -0.757544 0.257152 3.620000
v -0.772741 0.207055 3.620000
v -0.784628 0.156072 3.620000
v -0.793156 0.104421 3.620000
v -0.798287 0.052323 3.620000
v -0.800000 0.000000 3.620000
v -0.798287 -0.052323 3.620000
v -0.793156 -0.104421 3.620000
v -0.784628 -0.156072 3.620000
v -0.772741 -0.207055 3.620000
v -0.757544 -0.257152 3.620000
v -0.739104 -0.306147 3.620000
v -0.717498 -0.353831 3.620000
v -0.692820 -0.400000 3.620000
v -0.665176 -0.444456 3.620000
v -0.634683 -0.487009 3.620000
v -0.601472 -0.527477 3.620000
v -0.565685 -0.565685 3.620000
v -0.527477 -0.601472 3.620000
v -0.487009 -0.634683 3.620000
v -0.444456 -0.665176 3.620000
v -0.400000 -0.692820 3.620000
v -0.353831 -0.717498 3.620000
v -0.306147 -0.739104 3.620000
v -0.257152 -0.757544 3.620000
v -0.207055 -0.772741 3.620000
v -0.156072 -0.784628 3.620000
v -0.104421 -0.793156 3.620000
v -0.052323 -0.798287 3.620000
v -0.000000 -0.800000 3.620000
v 0.052323 -0.798287 3.620000
v 0.104421 -0.793156 3.620000
v 0.156072 -0.784628 3.620000
v 0.207055 -0.772741 3.620000
v 0.257152 -0.757544 3.620000
v 0.306147 -0.739104 3.620000
v 0.353831 -0.717498 3.620000
v 0.400000 -0.692820 3.620000
v 0.444456 -0.665176 3.620000
v 0.487009 -0.634683 3.620000
v 0.527477 -0.601472 3.620000
v 0.565685 -0.565685 3.620000
v 0.601472 -0.527477 3.620000
v 0.634683 -0.487009 3.620000
v 0.665176 -0.444456 3.620000
v 0.692820 -0.400000 3.620000
v 0.717498 -0.353831 3.620000
v 0.739104 -0.306147 3.620000
v 0.757544 -0.257152 3.620000
v 0.772741 -0.207055 3.620000
v 0.784628 -0.156072 3.620000
v 0.793156 -0.104421 3.620000
v 0.798287 -0.052323 3.620000
v 0.580000 0.000000 3.820000
v 0.578758 0.037934 3.820000
v 0.575038 0.075705 3.820000
v 0.568855 0.113152 3.820000
v 0.560237 0.150115 3.820000
v 0.549219 0.186435 3.820000
v 0.535850 0.221956 3.820000
v 0.520186 0.256527 3.820000
v 0.502295 0.290000 3.820000
v 0.482252 0.322231 3.820000
v 0.460145 0.353082 3.820000
v 0.436067 0.382421 3.820000
v 0.410122 0.410122 3.820000
v 0.382421 0.436067 3.820000
v 0.353082 0.460145 3.820000
v 0.322231 0.482252 3.820000
v 0.290000 0.502295 3.820000
v 0.256527 0.520186 3.820000
v 0.221956 0.535850 3.820000
v 0.186435 0.549219 3.820000
v 0.150115 0.560237 3.820000
v 0.113152 0.568855 3.820000
v 0.075705 0.575038 3.820000
v 0.037934 0.578758 3.820000
v 0.000000 0.580000 3.820000
v -0.037934 0.578758 3.820000
v -0.075705 0.575038 3.820000
v -0.113152 0.568855 3.820000
v -0.150115 0.560237 3.820000
v -0.186435 0.549219 3.820000
v -0.221956 0.535850 3.820000
v -0.256527 0.520186 3.820000
v -0.290000 0.502295 3.820000
v -0.322231 0.482252 3.820000
v -0.353082 0.460145 3.820000
v -0.382421 0.436067 3.820000
v -0.410122 0.410122 3.820000
v -0.436067 0.382421 3.820000
v -0.460145 0.353082 3.820000
v -0.482252 0.322231 3.820000
v -0.502295 0.290000 3.820000
v -0.520186 0.256527 3.820000
v -0.535850 0.221956 3.820000
v -0.549219 0.186435 3.820000
v -0.560237 0.150115 3.820000
v -0.568855 0.113152 3.820000
v -0.575038 0.075705 3.820000
v -0.578758 0.037934 3.820000
v -0.580000 0.000000 3.820000
v -0.578758 -0.037934 3.820000
v -0.575038 -0.075705 3.820000
v -0.568855 -0.113152 3.820000
v -0.560237 -0.150115 3.820000
v -0.549219 -0.186435 3.820000
v -0.535850 -0.221956 3.820000
v -0.520186 -0.256527 3.820000
v -0.502295 -0.290000 3.820000
v -0.482252 -0.322231 3.820000
v -0.460145 -0.353082 3.820000
v -0.436067 -0.382421 3.820000
v -0.410122 -0.410122 3.820000
v -0.382421 -0.436067 3.820000
v -0.353082 -0.460145 3.820000
v -0.322231 -0.482252 3.820000
v -0.290000 -0.502295 3.820000
v -0.256527 -0.520186 3.820000
v -0.221956 -0.535850 3.820000
v -0.186435 -0.549219 3.820000
v -0.150115 -0.560237 3.820000
v -0.113152 -0.568855 3.820000
v -0.075705 -0.575038 3.820000
v -0.037934 -0.578758 3.820000
v -0.000000 -0.580000 3.820000
v 0.037934 -0.578758 3.820000
v 0.075705 -0.575038 3.820000
v 0.113152 -0.568855 3.820000
v 0.150115 -0.560237 3.820000
v 0.186435 -0.549219 3.820000
v 0.221956 -0.535850 3.820000
v 0.256527 -0.520186 3.820000
v 0.290000 -0.502295 3.820000
v 0.322231 -0.482252 3.820000
v 0.353082 -0.460145 3.820000
v 0.382421 -0.436067 3.820000
v 0.410122 -0.410122 3.820000
v 0.436067 -0.382421 3.820000
v 0.460145 -0.353082 3.820000
v 0.482252 -0.322231 3.820000
v 0.502295 -0.290000 3.820000
v 0.520186 -0.256527 3.820000
v 0.535850 -0.221956 3.820000
v 0.549219 -0.186435 3.820000
v 0.560237 -0.150115 3.820000
v 0.568855 -0.113152 3.820000
v 0.575038 -0.075705 3.820000
v 0.578758 -0.037934 3.820000
v 0.450000 0.000000 3.940000
v 0.449037 0.029431 3.940000
v 0.446150 0.058737 3.940000
v 0.441353 0.087791 3.940000
v 0.434667 0.116469 3.940000
v 0.426119 0.144648 3.940000
v 0.415746 0.172208 3.940000
v 0.403593 0.199030 3.940000
v 0.389711 0.225000 3.940000
v 0.374161 0.250007 3.940000
v 0.357009 0.273943 3.940000
v 0.338328 0.296706 3.940000
v 0.318198 0.318198 3.940000
v 0.296706 0.338328 3.940000
v 0.273943 0.357009 3.940000
v 0.250007 0.374161 3.940000
v 0.225000 0.389711 3.940000
v 0.199030 0.403593 3.940000
v 0.172208 0.415746 3.940000
v 0.144648 0.426119 3.940000
v 0.116469 0.434667 3.940000
v 0.087791 0.441353 3.940000
v 0.058737 0.446150 3.940000
v 0.029431 0.449037 3.940000
v 0.000000 0.450000 3.940000
v -0.029431 0.449037 3.940000
v -0.058737 0.446150 3.940000
v -0.087791 0.441353 3.940000
v -0.116469 0.434667 3.940000
v -0.144648 0.426119 3.940000
v -0.172208 0.415746 3.940000
v -0.199030 0.403593 3.940000
v -0.225000 0.389711 3.940000
v -0.250007 0.374161 3.940000
v -0.273943 0.357009 3.940000
v -0.296706 0.338328 3.940000
v -0.318198 0.318198 3.940000
v -0.338328 0.296706 3.940000
v -0.357009 0.273943 3.940000
v -0.374161 0.250007 3.940000
v -0.389711 0.225000 3.940000
v -0.403593 0.199030 3.940000
v -0.415746 0.172208 3.940000
v -0.426119 0.144648 3.940000
v -0.434667 0.116469 3.940000
v -0.441353 0.087791 3.940000
v -0.446150 0.058737 3.940000
v -0.449037 0.029431 3.940000
v -0.450000 0.000000 3.940000
v -0.449037 -0.029431 3.940000
v -0.446150 -0.058737 3.940000
v -0.441353 -0.087791 3.940000
v -0.434667 -0.116469 3.940000
v -0.426119 -0.144648 3.940000
v -0.415746 -0.172208 3.940000
v -0.403593 -0.199030 3.940000
v -0.389711 -0.225000 3.940000
v -0.374161 -0.250007 3.940000
v -0.357009 -0.273943 3.940000
v -0.338328 -0.296706 3.940000
v -0.318198 -0.318198 3.940000
v -0.296706 -0.338328 3.940000
v -0.273943 -0.357009 3.940000
v -0.250007 -0.374161 3.940000
v -0.225000 -0.389711 3.940000
v -0.199030 -0.403593 3.940000
v -0.172208 -0.415746 3.940000
v -0.144648 -0.426119 3.940000
v -0.116469 -0.434667 3.940000
v -0.087791 -0.441353 3.940000
v -0.058737 -0.446150 3.940000
v -0.029431 -0.449037 3.940000
v -0.000000 -0.450000 3.940000
v 0.029431 -0.449037 3.940000
v 0.058737 -0.446150 3.940000
v 0.087791 -0.441353 3.940000
v 0.116469 -0.434667 3.940000
v 0.144648 -0.426119 3.940000
v 0.172208 -0.415746 3.940000
v 0.199030 -0.403593 3.940000
v 0.225000 -0.389711 3.940000
v 0.250007 -0.374161 3.940000
v 0.273943 -0.357009 3.940000
v 0.296706 -0.338328 3.940000
v 0.318198 -0.318198 3.940000
v 0.338328 -0.296706 3.940000
v 0.357009 -0.273943 3.940000
v 0.374161 -0.250007 3.940000
v 0.389711 -0.225000 3.940000
v 0.403593 -0.199030 3.940000
v 0.415746 -0.172208 3.940000
v 0.426119 -0.144648 3.940000
v 0.434667 -0.116469 3.940000
v 0.441353 -0.087791 3.940000
v 0.446150 -0.058737 3.940000
v 0.449037 -0.029431 3.940000
v 0.420000 0.000000 4.080000
v 0.419101 0.027469 4.080000
v 0.416407 0.054821 4.080000
v 0.411930 0.081938 4.080000
v 0.405689 0.108704 4.080000
v 0.397711 0.135005 4.080000
v 0.388029 0.160727 4.080000
v 0.376687 0.185761 4.080000
v 0.363731 0.210000 4.080000
v 0.349217 0.233339 4.080000
v 0.333208 0.255680 4.080000
v 0.315773 0.276925 4.080000
v 0.296985 0.296985 4.080000
v 0.276925 0.315773 4.080000
v 0.255680 0.333208 4.080000
v 0.233339 0.349217 4.080000
v 0.210000 0.363731 4.080000
v 0.185761 0.376687 4.080000
v 0.160727 0.388029 4.080000
v 0.135005 0.397711 4.080000
v 0.108704 0.405689 4.080000
v 0.081938 0.411930 4.080000
v 0.054821 0.416407 4.080000
v 0.027469 0.419101 4.080000
v 0.000000 0.420000 4.080000
v -0.027469 0.419101 4.080000
v -0.054821 0.416407 4.080000
v -0.081938 0.411930 4.080000
v -0.108704 0.405689 4.080000
v -0.135005 0.397711 4.080000
v -0.160727 0.388029 4.080000
v -0.185761 0.376687 4.080000
v -0.210000 0.363731 4.080000
v -0.233339 0.349217 4.080000
v -0.255680 0.333208 4.080000
v -0.276925 0.315773 4.080000
v -0.296985 0.296985 4.080000
v -0.315773 0.276925 4.080000
v -0.333208 0.255680 4.080000
v -0.349217 0.233339 4.080000
v -0.363731 0.210000 4.080000
v -0.376687 0.185761 4.080000
v -0.388029 0.160727 4.080000
v -0.397711 0.135005 4.080000
v -0.405689 0.108704 4.080000
v -0.411930 0.081938 4.080000
v -0.416407 0.054821 4.080000
v -0.419101 0.027469 4.080000
v -0.420000 0.000000 4.080000
v -0.419101 -0.027469 4.080000
v -0.416407 -0.054821 4.080000
v -0.411930 -0.081938 4.080000
v -0.405689 -0.108704 4.080000
v -0.397711 -0.135005 4.080000
v -0.388029 -0.160727 4.080000
v -0.376687 -0.185761 4.080000
v -0.363731 -0.210000 4.080000
v -0.349217 -0.233339 4.080000
v -0.333208 -0.255680 4.080000
v -0.315773 -0.276925 4.080000
v -0.296985 -0.296985 4.080000
v -0.276925 -0.315773 4.080000
v -0.255680 -0.333208 4.080000
v -0.233339 -0.349217 4.080000
v -0.210000 -0.363731 4.080000
v -0.185761 -0.376687 4.080000
v -0.160727 -0.388029 4.080000
v -0.135005 -0.397711 4.080000
v -0.108704 -0.405689 4.080000
v -0.081938 -0.411930 4.080000
v -0.054821 -0.416407 4.080000
v -0.027469 -0.419101 4.080000
v -0.000000 -0.420000 4.080000
v 0.027469 -0.419101 4.080000
v 0.054821 -0.416407 4.080000
v 0.081938 -0.411930 4.080000
v 0.108704 -0.405689 4.080000
v 0.135005 -0.397711 4.080000
v 0.160727 -0.388029 4.080000
v 0.185761 -0.376687 4.080000
v 0.210000 -0.363731 4.080000
v 0.233339 -0.349217 4.080000
v 0.255680 -0.333208 4.080000
v 0.276925 -0.315773 4.080000
v 0.296985 -0.296985 4.080000
v 0.315773 -0.276925 4.080000
v 0.333208 -0.255680 4.080000
v 0.349217 -0.233339 4.080000
v 0.363731 -0.210000 4.080000
v 0.376687 -0.185761 4.080000
v 0.388029 -0.160727 4.080000
v 0.397711 -0.135005 4.080000
v 0.405689 -0.108704 4.080000
v 0.411930 -0.081938 4.080000
v 0.416407 -0.054821 4.080000
v 0.419101 -0.027469 4.080000
v 0.420000 0.000000 4.240000
v 0.419101 0.027469 4.240000
v 0.416407 0.054821 4.240000
v 0.411930 0.081938 4.240000
v 0.405689 0.108704 4.240000
v 0.397711 0.135005 4.240000
v 0.388029 0.160727 4.240000
v 0.376687 0.185761 4.240000
v 0.363731 0.210000 4.240000
v 0.349217 0.233339 4.240000
v 0.333208 0.255680 4.240000
v 0.315773 0.276925 4.240000
v 0.296985 0.296985 4.240000
v 0.276925 0.315773 4.240000
v 0.255680 0.333208 4.240000
v 0.233339 0.349217 4.240000
v 0.210000 0.363731 4.240000
v 0.185761 0.376687 4.240000
v 0.160727 0.388029 4.240000
v 0.135005 0.397711 4.240000
v 0.108704 0.405689 4.240000
v 0.081938 0.411930 4.240000
v 0.054821 0.416407 4.240000
v 0.027469 0.419101 4.240000
v 0.000000 0.420000 4.240000
v -0.027469 0.419101 4.240000
v -0.054821 0.416407 4.240000
v -0.081938 0.411930 4.240000
v -0.108704 0.405689 4.240000
v -0.135005 0.397711 4.240000
v -0.160727 0.388029 4.240000
v -0.185761 0.376687 4.240000
v -0.210000 0.363731 4.240000
v -0.233339 0.349217 4.240000
v -0.255680 0.333208 4.240000
v -0.276925 0.315773 4.240000
v -0.296985 0.296985 4.240000
v -0.315773 0.276925 4.240000
v -0.333208 0.255680 4.240000
v -0.349217 0.233339 4.240000
v -0.363731 0.210000 4.240000
v -0.376687 0.185761 4.240000
v -0.388029 0.160727 4.240000
v -0.397711 0.135005 4.240000
v -0.405689 0.108704 4.240000
v -0.411930 0.081938 4.240000
v -0.416407 0.054821 4.240000
v -0.419101 0.027469 4.240000
v -0.420000 0.000000 4.240000
v -0.419101 -0.027469 4.240000
v -0.416407 -0.054821 4.240000
v -0.411930 -0.081938 4.240000
v -0.405689 -0.108704 4.240000
v -0.397711 -0.135005 4.240000
v -0.388029 -0.160727 4.240000
v -0.376687 -0.185761 4.240000
v -0.363731 -0.210000 4.240000
v -0.349217 -0.233339 4.240000
v -0.333208 -0.255680 4.240000
v -0.315773 -0.276925 4.240000
v -0.296985 -0.296985 4.240000
v -0.276925 -0.315773 4.240000
v -0.255680 -0.333208 4.240000
v -0.233339 -0.349217 4.240000
v -0.210000 -0.363731 4.240000
v -0.185761 -0.376687 4.240000
v -0.160727 -0.388029 4.240000
v -0.135005 -0.397711 4.240000
v -0.108704 -0.405689 4.240000
v -0.081938 -0.411930 4.240000
v -0.054821 -0.416407 4.240000
v -0.027469 -0.419101 4.240000
v -0.000000 -0.420000 4.240000
v 0.027469 -0.419101 4.240000
v 0.054821 -0.416407 4.240000
v 0.081938 -0.411930 4.240000
v 0.108704 -0.405689 4.240000
v 0.135005 -0.397711 4.240000
v 0.160727 -0.388029 4.240000
v 0.185761 -0.376687 4.240000
v 0.210000 -0.363731 4.240000
v 0.233339 -0.349217 4.240000
v 0.255680 -0.333208 4.240000
v 0.276925 -0.315773 4.240000
v 0.296985 -0.296985 4.240000
v 0.315773 -0.276925 4.240000
v 0.333208 -0.255680 4.240000
v 0.349217 -0.233339 4.240000
v 0.363731 -0.210000 4.240000
v 0.376687 -0.185761 4.240000
v 0.388029 -0.160727 4.240000
v 0.397711 -0.135005 4.240000
v 0.405689 -0.108704 4.240000
v 0.411930 -0.081938 4.240000
v 0.416407 -0.054821 4.240000
v 0.419101 -0.027469 4.240000
v 0.000000 0.000000 0.000000
v 0.480000 0.000000 4.070000
v 0.478972 0.031394 4.070000
v 0.475894 0.062653 4.070000
v 0.470777 0.093643 4.070000
v 0.463644 0.124233 4.070000
v 0.454526 0.154291 4.070000
v 0.443462 0.183688 4.070000
v 0.430499 0.212299 4.070000
v 0.415692 0.240000 4.070000
v 0.399105 0.266674 4.070000
v 0.380810 0.292205 4.070000
v 0.360883 0.316486 4.070000
v 0.339411 0.339411 4.070000
v 0.316486 0.360883 4.070000
v 0.292205 0.380810 4.070000
v 0.266674 0.399105 4.070000
v 0.240000 0.415692 4.070000
v 0.212299 0.430499 4.070000
v 0.183688 0.443462 4.070000
v 0.154291 0.454526 4.070000
v 0.124233 0.463644 4.070000
v 0.093643 0.470777 4.070000
v 0.062653 0.475894 4.070000
v 0.031394 0.478972 4.070000
v 0.000000 0.480000 4.070000
v -0.031394 0.478972 4.070000
v -0.062653 0.475894 4.070000
v -0.093643 0.470777 4.070000
v -0.124233 0.463644 4.070000
v -0.154291 0.454526 4.070000
v -0.183688 0.443462 4.070000
v -0.212299 0.430499 4.070000
v -0.240000 0.415692 4.070000
v -0.266674 0.399105 4.070000
v -0.292205 0.380810 4.070000
v -0.316486 0.360883 4.070000
v -0.339411 0.339411 4.070000
v -0.360883 0.316486 4.070000
v -0.380810 0.292205 4.070000
v -0.399105 0.266674 4.070000
v -0.415692 0.240000 4.070000
v -0.430499 0.212299 4.070000
v -0.443462 0.183688 4.070000
v -0.454526 0.154291 4.070000
v -0.463644 0.124233 4.070000
v -0.470777 0.093643 4.070000
v -0.475894 0.062653 4.070000
v -0.478972 0.031394 4.070000
v -0.480000 0.000000 4.070000
v -0.478972 -0.031394 4.070000
v -0.475894 -0.062653 4.070000
v -0.470777 -0.093643 4.070000
v -0.463644 -0.124233 4.070000
v -0.454526 -0.154291 4.070000
v -0.443462 -0.183688 4.070000
v -0.430499 -0.212299 4.070000
v -0.415692 -0.240000 4.070000
v -0.399105 -0.266674 4.070000
v -0.380810 -0.292205 4.070000
v -0.360883 -0.316486 4.070000
v -0.339411 -0.339411 4.070000
v -0.316486 -0.360883 4.070000
v -0.292205 -0.380810 4.070000
v -0.266674 -0.399105 4.070000
v -0.240000 -0.415692 4.070000
v -0.212299 -0.430499 4.070000
v -0.183688 -0.443462 4.070000
v -0.154291 -0.454526 4.070000
v -0.124233 -0.463644 4.070000
v -0.093643 -0.470777 4.070000
v -0.062653 -0.475894 4.070000
v -0.031394 -0.478972 4.070000
v -0.000000 -0.480000 4.070000
v 0.031394 -0.478972 4.070000
v 0.062653 -0.475894 4.070000
v 0.093643 -0.470777 4.070000
v 0.124233 -0.463644 4.070000
v 0.154291 -0.454526 4.070000
v 0.183688 -0.443462 4.070000
v 0.212299 -0.430499 4.070000
v 0.240000 -0.415692 4.070000
v 0.266674 -0.399105 4.070000
v 0.292205 -0.380810 4.070000
v 0.316486 -0.360883 4.070000
v 0.339411 -0.339411 4.070000
v 0.360883 -0.316486 4.070000
v 0.380810 -0.292205 4.070000
v 0.399105 -0.266674 4.070000
v 0.415692 -0.240000 4.070000
v 0.430499 -0.212299 4.070000
v 0.443462 -0.183688 4.070000
v 0.454526 -0.154291 4.070000
v 0.463644 -0.124233 4.070000
v 0.470777 -0.093643 4.070000
v 0.475894 -0.062653 4.070000
v 0.478972 -0.031394 4.070000
v 0.490000 0.000000 4.120000
v 0.488951 0.032048 4.120000
v 0.485808 0.063958 4.120000
v 0.480585 0.095594 4.120000
v 0.473304 0.126821 4.120000
v 0.463996 0.157505 4.120000
v 0.452701 0.187515 4.120000
v 0.439468 0.216721 4.120000
v 0.424352 0.245000 4.120000
v 0.407420 0.272229 4.120000
v 0.388743 0.298293 4.120000
v 0.368402 0.323079 4.120000
v 0.346482 0.346482 4.120000
v 0.323079 0.368402 4.120000
v 0.298293 0.388743 4.120000
v 0.272229 0.407420 4.120000
v 0.245000 0.424352 4.120000
v 0.216721 0.439468 4.120000
v 0.187515 0.452701 4.120000
v 0.157505 0.463996 4.120000
v 0.126821 0.473304 4.120000
v 0.095594 0.480585 4.120000
v 0.063958 0.485808 4.120000
v 0.032048 0.488951 4.120000
v 0.000000 0.490000 4.120000
v -0.032048 0.488951 4.120000
v -0.063958 0.485808 4.120000
v -0.095594 0.480585 4.120000
v -0.126821 0.473304 4.120000
v -0.157505 0.463996 4.120000
v -0.187515 0.452701 4.120000
v -0.216721 0.439468 4.120000
v -0.245000 0.424352 4.120000
v -0.272229 0.407420 4.120000
v -0.298293 0.388743 4.120000
v -0.323079 0.368402 4.120000
v -0.346482 0.346482 4.120000
v -0.368402 0.323079 4.120000
v -0.388743 0.298293 4.120000
v -0.407420 0.272229 4.120000
v -0.424352 0.245000 4.120000
v -0.439468 0.216721 4.120000
v -0.452701 0.187515 4.120000
v -0.463996 0.157505 4.120000
v -0.473304 0.126821 4.120000
v -0.480585 0.095594 4.120000
v -0.485808 0.063958 4.120000
v -0.488951 0.032048 4.120000
v -0.490000 0.000000 4.120000
v -0.488951 -0.032048 4.120000
v -0.485808 -0.063958 4.120000
v -0.480585 -0.095594 4.120000
v -0.473304 -0.126821 4.120000
v -0.463996 -0.157505 4.120000
v -0.452701 -0.187515 4.120000
v -0.439468 -0.216721 4.120000
v -0.424352 -0.245000 4.120000
v -0.407420 -0.272229 4.120000
v -0.388743 -0.298293 4.120000
v -0.368402 -0.323079 4.120000
v -0.346482 -0.346482 4.120000
v -0.323079 -0.368402 4.120000
v -0.298293 -0.388743 4.120000
v -0.272229 -0.407420 4.120000
v -0.245000 -0.424352 4.120000
v -0.216721 -0.439468 4.120000
v -0.187515 -0.452701 4.120000
v -0.157505 -0.463996 4.120000
v -0.126821 -0.473304 4.120000
v -0.095594 -0.480585 4.120000
v -0.063958 -0.485808 4.120000
v -0.032048 -0.488951 4.120000
v -0.000000 -0.490000 4.120000
v 0.032048 -0.488951 4.120000
v 0.063958 -0.485808 4.120000
v 0.095594 -0.480585 4.120000
v 0.126821 -0.473304 4.120000
v 0.157505 -0.463996 4.120000
v 0.187515 -0.452701 4.120000
v 0.216721 -0.439468 4.120000
v 0.245000 -0.424352 4.120000
v 0.272229 -0.407420 4.120000
v 0.298293 -0.388743 4.120000
v 0.323079 -0.368402 4.120000
v 0.346482 -0.346482 4.120000
v 0.368402 -0.323079 4.120000
v 0.388743 -0.298293 4.120000
v 0.407420 -0.272229 4.120000
v 0.424352 -0.245000 4.120000
v 0.439468 -0.216721 4.120000
v 0.452701 -0.187515 4.120000
v 0.463996 -0.157505 4.120000
v 0.473304 -0.126821 4.120000
v 0.480585 -0.095594 4.120000
v 0.485808 -0.063958 4.120000
v 0.488951 -0.032048 4.120000
v 0.490000 0.000000 4.380000
v 0.488951 0.032048 4.380000
v 0.485808 0.063958 4.380000
v 0.480585 0.095594 4.380000
v 0.473304 0.126821 4.380000
v 0.463996 0.157505 4.380000
v 0.452701 0.187515 4.380000
v 0.439468 0.216721 4.380000
v 0.424352 0.245000 4.380000
v 0.407420 0.272229 4.380000
v 0.388743 0.298293 4.380000
v 0.368402 0.323079 4.380000
v 0.346482 0.346482 4.380000
v 0.323079 0.368402 4.380000
v 0.298293 0.388743 4.380000
v 0.272229 0.407420 4.380000
v 0.245000 0.424352 4.380000
v 0.216721 0.439468 4.380000
v 0.187515 0.452701 4.380000
v 0.157505 0.463996 4.380000
v 0.126821 0.473304 4.380000
v 0.095594 0.480585 4.380000
v 0.063958 0.485808 4.380000
v 0.032048 0.488951 4.380000
v 0.000000 0.490000 4.380000
v -0.032048 0.488951 4.380000
v -0.063958 0.485808 4.380000
v -0.095594 0.480585 4.380000
v -0.126821 0.473304 4.380000
v -0.157505 0.463996 4.380000
v -0.187515 0.452701 4.380000
v -0.216721 0.439468 4.380000
v -0.245000 0.424352 4.380000
v -0.272229 0.407420 4.380000
v -0.298293 0.388743 4.380000
v -0.323079 0.368402 4.380000
v -0.346482 0.346482 4.380000
v -0.368402 0.323079 4.380000
v -0.388743 0.298293 4.380000
v -0.407420 0.272229 4.380000
v -0.424352 0.245000 4.380000
v -0.439468 0.216721 4.380000
v -0.452701 0.187515 4.380000
v -0.463996 0.157505 4.380000
v -0.473304 0.126821 4.380000
v -0.480585 0.095594 4.380000
v -0.485808 0.063958 4.380000
v -0.488951 0.032048 4.380000
v -0.490000 0.000000 4.380000
v -0.488951 -0.032048 4.380000
v -0.485808 -0.063958 4.380000
v -0.480585 -0.095594 4.380000
v -0.473304 -0.126821 4.380000
v -0.463996 -0.157505 4.380000
v -0.452701 -0.187515 4.380000
v -0.439468 -0.216721 4.380000
v -0.424352 -0.245000 4.380000
v -0.407420 -0.272229 4.380000
v -0.388743 -0.298293 4.380000
v -0.368402 -0.323079 4.380000
v -0.346482 -0.346482 4.380000
v -0.323079 -0.368402 4.380000
v -0.298293 -0.388743 4.380000
v -0.272229 -0.407420 4.380000
v -0.245000 -0.424352 4.380000
v -0.216721 -0.439468 4.380000
v -0.187515 -0.452701 4.380000
v -0.157505 -0.463996 4.380000
v -0.126821 -0.473304 4.380000
v -0.095594 -0.480585 4.380000
v -0.063958 -0.485808 4.380000
v -0.032048 -0.488951 4.380000
v -0.000000 -0.490000 4.380000
v 0.032048 -0.488951 4.380000
v 0.063958 -0.485808 4.380000
v 0.095594 -0.480585 4.380000
v 0.126821 -0.473304 4.380000
v 0.157505 -0.463996 4.380000
v 0.187515 -0.452701 4.380000
v 0.216721 -0.439468 4.380000
v 0.245000 -0.424352 4.380000
v 0.272229 -0.407420 4.380000
v 0.298293 -0.388743 4.380000
v 0.323079 -0.368402 4.380000
v 0.346482 -0.346482 4.380000
v 0.368402 -0.323079 4.380000
v 0.388743 -0.298293 4.380000
v 0.407420 -0.272229 4.380000
v 0.424352 -0.245000 4.380000
v 0.439468 -0.216721 4.380000
v 0.452701 -0.187515 4.380000
v 0.463996 -0.157505 4.380000
v 0.473304 -0.126821 4.380000
v 0.480585 -0.095594 4.380000
v 0.485808 -0.063958 4.380000
v 0.488951 -0.032048 4.380000
v 0.470000 0.000000 4.430000
v 0.468994 0.030739 4.430000
v 0.465979 0.061347 4.430000
v 0.460969 0.091692 4.430000
v 0.453985 0.121645 4.430000
v 0.445057 0.151077 4.430000
v 0.434223 0.179861 4.430000
v 0.421530 0.207876 4.430000
v 0.407032 0.235000 4.430000
v 0.390791 0.261118 4.430000
v 0.372876 0.286118 4.430000
v 0.353365 0.309893 4.430000
v 0.332340 0.332340 4.430000
v 0.309893 0.353365 4.430000
v 0.286118 0.372876 4.430000
v 0.261118 0.390791 4.430000
v 0.235000 0.407032 4.430000
v 0.207876 0.421530 4.430000
v 0.179861 0.434223 4.430000
v 0.151077 0.445057 4.430000
v 0.121645 0.453985 4.430000
v 0.091692 0.460969 4.430000
v 0.061347 0.465979 4.430000
v 0.030739 0.468994 4.430000
v 0.000000 0.470000 4.430000
v -0.030739 0.468994 4.430000
v -0.061347 0.465979 4.430000
v -0.091692 0.460969 4.430000
v -0.121645 0.453985 4.430000
v -0.151077 0.445057 4.430000
v -0.179861 0.434223 4.430000
v -0.207876 0.421530 4.430000
v -0.235000 0.407032 4.430000
v -0.261118 0.390791 4.430000
v -0.286118 0.372876 4.430000
v -0.309893 0.353365 4.430000
v -0.332340 0.332340 4.430000
v -0.353365 0.309893 4.430000
v -0.372876 0.286118 4.430000
v -0.390791 0.261118 4.430000
v -0.407032 0.235000 4.430000
v -0.421530 0.207876 4.430000
v -0.434223 0.179861 4.430000
v -0.445057 0.151077 4.430000
v -0.453985 0.121645 4.430000
v -0.460969 0.091692 4.430000
v -0.465979 0.061347 4.430000
v -0.468994 0.030739 4.430000
v -0.470000 0.000000 4.430000
v -0.468994 -0.030739 4.430000
v -0.465979 -0.061347 4.430000
v -0.460969 -0.091692 4.430000
v -0.453985 -0.121645 4.430000
v -0.445057 -0.151077 4.430000
v -0.434223 -0.179861 4.430000
v -0.421530 -0.207876 4.430000
v -0.407032 -0.235000 4.430000
v -0.390791 -0.261118 4.430000
v -0.372876 -0.286118 4.430000
v -0.353365 -0.309893 4.430000
v -0.332340 -0.332340 4.430000
v -0.309893 -0.353365 4.430000
v -0.286118 -0.372876 4.430000
v -0.261118 -0.390791 4.430000
v -0.235000 -0.407032 4.430000
v -0.207876 -0.421530 4.430000
v -0.179861 -0.434223 4.430000
v -0.151077 -0.445057 4.430000
v -0.121645 -0.453985 4.430000
v -0.091692 -0.460969 4.430000
v -0.061347 -0.465979 4.430000
v -0.030739 -0.468994 4.430000
v -0.000000 -0.470000 4.430000
v 0.030739 -0.468994 4.430000
v 0.061347 -0.465979 4.430000
v 0.091692 -0.460969 4.430000
v 0.121645 -0.453985 4.430000
v 0.151077 -0.445057 4.430000
v 0.179861 -0.434223 4.430000
v 0.207876 -0.421530 4.430000
v 0.235000 -0.407032 4.430000
v 0.261118 -0.390791 4.430000
v 0.286118 -0.372876 4.430000
v 0.309893 -0.353365 4.430000
v 0.332340 -0.332340 4.430000
v 0.353365 -0.309893 4.430000
v 0.372876 -0.286118 4.430000
v 0.390791 -0.261118 4.430000
v 0.407032 -0.235000 4.430000
v 0.421530 -0.207876 4.430000
v 0.434223 -0.179861 4.430000
v 0.445057 -0.151077 4.430000
v 0.453985 -0.121645 4.430000
v 0.460969 -0.091692 4.430000
v 0.465979 -0.061347 4.430000
v 0.468994 -0.030739 4.430000
v 1.015000 0.000000 1.620000
v 1.012827 0.066384 1.620000
v 1.006317 0.132484 1.620000
v 0.995497 0.198017 1.620000
v 0.980415 0.262701 1.620000
v 0.961134 0.326261 1.620000
v 0.937738 0.388424 1.620000
v 0.910326 0.448923 1.620000
v 0.879016 0.507500 1.620000
v 0.843942 0.563904 1.620000
v 0.805254 0.617893 1.620000
v 0.763117 0.669236 1.620000
v 0.717713 0.717713 1.620000
v 0.669236 0.763117 1.620000
v 0.617893 0.805254 1.620000
v 0.563904 0.843942 1.620000
v 0.507500 0.879016 1.620000
v 0.448923 0.910326 1.620000
v 0.388424 0.937738 1.620000
v 0.326261 0.961134 1.620000
v 0.262701 0.980415 1.620000
v 0.198017 0.995497 1.620000
v 0.132484 1.006317 1.620000
v 0.066384 1.012827 1.620000
v 0.000000 1.015000 1.620000
v -0.066384 1.012827 1.620000
v -0.132484 1.006317 1.620000
v -0.198017 0.995497 1.620000
v -0.262701 0.980415 1.620000
v -0.326261 0.961134 1.620000
v -0.388424 0.937738 1.620000
v -0.448923 0.910326 1.620000
v -0.507500 0.879016 1.620000
v -0.563904 0.843942 1.620000
v -0.617893 0.805254 1.620000
v -0.669236 0.763117 1.620000
v -0.717713 0.717713 1.620000
v -0.763117 0.669236 1.620000
v -0.805254 0.617893 1.620000
v -0.843942 0.563904 1.620000
v -0.879016 0.507500 1.620000
v -0.910326 0.448923 1.620000
v -0.937738 0.388424 1.620000
v -0.961134 0.326261 1.620000
v -0.980415 0.262701 1.620000
v -0.995497 0.198017 1.620000
v -1.006317 0.132484 1.620000
v -1.012827 0.066384 1.620000
v -1.015000 0.000000 1.620000
v -1.012827 -0.066384 1.620000
v -1.006317 -0.132484 1.620000
v -0.995497 -0.198017 1.620000
v -0.980415 -0.262701 1.620000
v -0.961134 -0.326261 1.620000
v -0.937738 -0.388424 1.620000
v -0.910326 -0.448923 1.620000
v -0.879016 -0.507500 1.620000
v -0.843942 -0.563904 1.620000
v -0.805254 -0.617893 1.620000
v -0.763117 -0.669236 1.620000
v -0.717713 -0.717713 1.620000
v -0.669236 -0.763117 1.620000
v -0.617893 -0.805254 1.620000
v -0.563904 -0.843942 1.620000
v -0.507500 -0.879016 1.620000
v -0.448923 -0.910326 1.620000
v -0.388424 -0.937738 1.620000
v -0.326261 -0.961134 1.620000
v -0.262701 -0.980415 1.620000
v -0.198017 -0.995497 1.620000
v -0.132484 -1.006317 1.620000
v -0.066384 -1.012827 1.620000
v -0.000000 -1.015000 1.620000
v 0.066384 -1.012827 1.620000
v 0.132484 -1.006317 1.620000
v 0.198017 -0.995497 1.620000
v 0.262701 -0.980415 1.620000
v 0.326261 -0.961134 1.620000
v 0.388424 -0.937738 1.620000
v 0.448923 -0.910326 1.620000
v 0.507500 -0.879016 1.620000
v 0.563904 -0.843942 1.620000
v 0.617893 -0.805254 1.620000
v 0.669236 -0.763117 1.620000
v 0.717713 -0.717713 1.620000
v 0.763117 -0.669236 1.620000
v 0.805254 -0.617893 1.620000
v 0.843942 -0.563904 1.620000
v 0.879016 -0.507500 1.620000
v 0.910326 -0.448923 1.620000
v 0.937738 -0.388424 1.620000
v 0.961134 -0.326261 1.620000
v 0.980415 -0.262701 1.620000
v 0.995497 -0.198017 1.620000
v 1.006317 -0.132484 1.620000
v 1.012827 -0.066384 1.620000
v 1.015000 0.000000 2.950000
v 1.012827 0.066384 2.950000
v 1.006317 0.132484 2.950000
v 0.995497 0.198017 2.950000
v 0.980415 0.262701 2.950000
v 0.961134 0.326261 2.950000
v 0.937738 0.388424 2.950000
v 0.910326 0.448923 2.950000
v 0.879016 0.507500 2.950000
v 0.843942 0.563904 2.950000
v 0.805254 0.617893 2.950000
v 0.763117 0.669236 2.950000
v 0.717713 0.717713 2.950000
v 0.669236 0.763117 2.950000
v 0.617893 0.805254 2.950000
v 0.563904 0.843942 2.950000
v 0.507500 0.879016 2.950000
v 0.448923 0.910326 2.950000
v 0.388424 0.937738 2.950000
v 0.326261 0.961134 2.950000
v 0.262701 0.980415 2.950000
v 0.198017 0.995497 2.950000
v 0.132484 1.006317 2.950000
v 0.066384 1.012827 2.950000
v 0.000000 1.015000 2.950000
v -0.066384 1.012827 2.950000
v -0.132484 1.006317 2.950000
v -0.198017 0.995497 2.950000
v -0.262701 0.980415 2.950000
v -0.326261 0.961134 2.950000
v -0.388424 0.937738 2.950000
v -0.448923 0.910326 2.950000
v -0.507500 0.879016 2.950000
v -0.563904 0.843942 2.950000
v -0.617893 0.805254 2.950000
v -0.669236 0.763117 2.950000
v -0.717713 0.717713 2.950000
v -0.763117 0.669236 2.950000
v -0.805254 0.617893 2.950000
v -0.843942 0.563904 2.950000
v -0.879016 0.507500 2.950000
v -0.910326 0.448923 2.950000
v -0.937738 0.388424 2.950000
v -0.961134 0.326261 2.950000
v -0.980415 0.262701 2.950000
v -0.995497 0.198017 2.950000
v -1.006317 0.132484 2.950000
v -1.012827 0.066384 2.950000
v -1.015000 0.000000 2.950000
v -1.012827 -0.066384 2.950000
v -1.006317 -0.132484 2.950000
v -0.995497 -0.198017 2.950000
v -0.980415 -0.262701 2.950000
v -0.961134 -0.326261 2.950000
v -0.937738 -0.388424 2.950000
v -0.910326 -0.448923 2.950000
v -0.879016 -0.507500 2.950000
v -0.843942 -0.563904 2.950000
v -0.805254 -0.617893 2.950000
v -0.763117 -0.669236 2.950000
v -0.717713 -0.717713 2.950000
v -0.669236 -0.763117 2.950000
v -0.617893 -0.805254 2.950000
v -0.563904 -0.843942 2.950000
v -0.507500 -0.879016 2.950000
v -0.448923 -0.910326 2.950000
v -0.388424 -0.937738 2.950000
v -0.326261 -0.961134 2.950000
v -0.262701 -0.980415 2.950000
v -0.198017 -0.995497 2.950000
v -0.132484 -1.006317 2.950000
v -0.066384 -1.012827 2.950000
v -0.000000 -1.015000 2.950000
v 0.066384 -1.012827 2.950000
v 0.132484 -1.006317 2.950000
v 0.198017 -0.995497 2.950000
v 0.262701 -0.980415 2.950000
v 0.326261 -0.961134 2.950000
v 0.388424 -0.937738 2.950000
v 0.448923 -0.910326 2.950000
v 0.507500 -0.879016 2.950000
v 0.563904 -0.843942 2.950000
v 0.617893 -0.805254 2.950000
v 0.669236 -0.763117 2.950000
v 0.717713 -0.717713 2.950000
v 0.763117 -0.669236 2.950000
v 0.805254 -0.617893 2.950000
v 0.843942 -0.563904 2.950000
v 0.879016 -0.507500 2.950000
v 0.910326 -0.448923 2.950000
v 0.937738 -0.388424 2.950000
v 0.961134 -0.326261 2.950000
v 0.980415 -0.262701 2.950000
v 0.995497 -0.198017 2.950000
v 1.006317 -0.132484 2.950000
v 1.012827 -0.066384 2.950000
vt 0.000000 0.000000
vt 0.010417 0.000000
vt 0.020833 0.000000
vt 0.031250 0.000000
vt 0.041667 0.000000
vt 0.052083 0.000000
vt 0.062500 0.000000
vt 0.072917 0.000000
vt 0.083333 0.000000
vt 0.093750 0.000000
vt 0.104167 0.000000
vt 0.114583 0.000000
vt 0.125000 0.000000
vt 0.135417 0.000000
vt 0.145833 0.000000
vt 0.156250 0.000000
vt 0.166667 0.000000
vt 0.177083 0.000000
vt 0.187500 0.000000
vt 0.197917 0.000000
vt 0.208333 0.000000
vt 0.218750 0.000000
vt 0.229167 0.000000
vt 0.239583 0.000000
vt 0.250000 0.000000
vt 0.260417 0.000000
vt 0.270833 0.000000
vt 0.281250 0.000000
vt 0.291667 0.000000
vt 0.302083 0.000000
vt 0.312500 0.000000
vt 0.322917 0.000000
vt 0.333333 0.000000
vt 0.343750 0.000000
vt 0.354167 0.000000
vt 0.364583 0.000000
vt 0.375000 0.000000
vt 0.385417 0.000000
vt 0.395833 0.000000
vt 0.406250 0.000000
vt 0.416667 0.000000
vt 0.427083 0.000000
vt 0.437500 0.000000
vt 0.447917 0.000000
vt 0.458333 0.000000
vt 0.468750 0.000000
vt 0.479167 0.000000
vt 0.489583 0.000000
vt 0.500000 0.000000
vt 0.510417 0.000000
vt 0.520833 0.000000
vt 0.531250 0.000000
vt 0.541667 0.000000
vt 0.552083 0.000000
vt 0.562500 0.000000
vt 0.572917 0.000000
vt 0.583333 0.000000
vt 0.593750 0.000000
vt 0.604167 0.000000
vt 0.614583 0.000000
vt 0.625000 0.000000
vt 0.635417 0.000000
vt 0.645833 0.000000
vt 0.656250 0.000000
vt 0.666667 0.000000
vt 0.677083 0.000000
vt 0.687500 0.000000
vt 0.697917 0.000000
vt 0.708333 0.000000
vt 0.718750 0.000000
vt 0.729167 0.000000
vt 0.739583 0.000000
vt 0.750000 0.000000
vt 0.760417 0.000000
vt 0.770833 0.000000
vt 0.781250 0.000000
vt 0.791667 0.000000
vt 0.802083 0.000000
vt 0.812500 0.000000
vt 0.822917 0.000000
vt 0.833333 0.000000
vt 0.843750 0.000000
vt 0.854167 0.000000
vt 0.864583 0.000000
vt 0.875000 0.000000
vt 0.885417 0.000000
vt 0.895833 0.000000
vt 0.906250 0.000000
vt 0.916667 0.000000
vt 0.927083 0.000000
vt 0.937500 0.000000
vt 0.947917 0.000000
vt 0.958333 0.000000
vt 0.968750 0.000000
vt 0.979167 0.000000
vt 0.989583 0.000000
vt 0.000000 0.055556
vt 0.010417 0.055556
vt 0.020833 0.055556
vt 0.031250 0.055556
vt 0.041667 0.055556
vt 0.052083 0.055556
vt 0.062500 0.055556
vt 0.072917 0.055556
vt 0.083333 0.055556
vt 0.093750 0.055556
vt 0.104167 0.055556
vt 0.114583 0.055556
vt 0.125000 0.055556
vt 0.135417 0.055556
vt 0.145833 0.055556
vt 0.156250 0.055556
vt 0.166667 0.055556
vt 0.177083 0.055556
vt 0.187500 0.055556
vt 0.197917 0.055556
vt 0.208333 0.055556
vt 0.218750 0.055556
vt 0.229167 0.055556
vt 0.239583 0.055556
vt 0.250000 0.055556
vt 0.260417 0.055556
vt 0.270833 0.055556
vt 0.281250 0.055556
vt 0.291667 0.055556
vt 0.302083 0.055556
vt 0.312500 0.055556
vt 0.322917 0.055556
vt 0.333333 0.055556
vt 0.343750 0.055556
vt 0.354167 0.055556
vt 0.364583 0.055556
vt 0.375000 0.055556
vt 0.385417 0.055556
vt 0.395833 0.055556
vt 0.406250 0.055556
vt 0.416667 0.055556
vt 0.427083 0.055556
vt 0.437500 0.055556
vt 0.447917 0.055556
vt 0.458333 0.055556
vt 0.468750 0.055556
vt 0.479167 0.055556
vt 0.489583 0.055556
vt 0.500000 0.055556
vt 0.510417 0.055556
vt 0.520833 0.055556
vt 0.531250 0.055556
vt 0.541667 0.055556
vt 0.552083 0.055556
vt 0.562500 0.055556
vt 0.572917 0.055556
vt 0.583333 0.055556
vt 0.593750 0.055556
vt 0.604167 0.055556
vt 0.614583 0.055556
vt 0.625000 0.055556
vt 0.635417 0.055556
vt 0.645833 0.055556
vt 0.656250 0.055556
vt 0.666667 0.055556
vt 0.677083 0.055556
vt 0.687500 0.055556
vt 0.697917 0.055556
vt 0.708333 0.055556
vt 0.718750 0.055556
vt 0.729167 0.055556
vt 0.739583 0.055556
vt 0.750000 0.055556
vt 0.760417 0.055556
vt 0.770833 0.055556
vt 0.781250 0.055556
vt 0.791667 0.055556
vt 0.802083 0.055556
vt 0.812500 0.055556
vt 0.822917 0.055556
vt 0.833333 0.055556
vt 0.843750 0.055556
vt 0.854167 0.055556
vt 0.864583 0.055556
vt 0.875000 0.055556
vt 0.885417 0.055556
vt 0.895833 0.055556
vt 0.906250 0.055556
vt 0.916667 0.055556
vt 0.927083 0.055556
vt 0.937500 0.055556
vt 0.947917 0.055556
vt 0.958333 0.055556
vt 0.968750 0.055556
vt 0.979167 0.055556
vt 0.989583 0.055556
vt 0.000000 0.111111
vt 0.010417 0.111111
vt 0.020833 0.111111
vt 0.031250 0.111111
vt 0.041667 0.111111
vt 0.052083 0.111111
vt 0.062500 0.111111
vt 0.072917 0.111111
vt 0.083333 0.111111
vt 0.093750 0.111111
vt 0.104167 0.111111
vt 0.114583 0.111111
vt 0.125000 0.111111
vt 0.135417 0.111111
vt 0.145833 0.111111
vt 0.156250 0.111111
vt 0.166667 0.111111
vt 0.177083 0.111111
vt 0.187500 0.111111
vt 0.197917 0.111111
vt 0.208333 0.111111
vt 0.218750 0.111111
vt 0.229167 0.111111
vt 0.239583 0.111111
vt 0.250000 0.111111
vt 0.260417 0.111111
vt 0.270833 0.111111
vt 0.281250 0.111111
vt 0.291667 0.111111
vt 0.302083 0.111111
vt 0.312500 0.111111
vt 0.322917 0.111111
vt 0.333333 0.111111
vt 0.343750 0.111111
vt 0.354167 0.111111
vt 0.364583 0.111111
vt 0.375000 0.111111
vt 0.385417 0.111111
vt 0.395833 0.111111
vt 0.406250 0.111111
vt 0.416667 0.111111
vt 0.427083 0.111111
vt 0.437500 0.111111
vt 0.447917 0.111111
vt 0.458333 0.111111
vt 0.468750 0.111111
vt 0.479167 0.111111
vt 0.489583 0.111111
vt 0.500000 0.111111
vt 0.510417 0.111111
vt 0.520833 0.111111
vt 0.531250 0.111111
vt 0.541667 0.111111
vt 0.552083 0.111111
vt 0.562500 0.111111
vt 0.572917 0.111111
vt 0.583333 0.111111
vt 0.593750 0.111111
vt 0.604167 0.111111
vt 0.614583 0.111111
vt 0.625000 0.111111
vt 0.635417 0.111111
vt 0.645833 0.111111
vt 0.656250 0.111111
vt 0.666667 0.111111
vt 0.677083 0.111111
vt 0.687500 0.111111
vt 0.697917 0.111111
vt 0.708333 0.111111
vt 0.718750 0.111111
vt 0.729167 0.111111
vt 0.739583 0.111111
vt 0.750000 0.111111
vt 0.760417 0.111111
vt 0.770833 0.111111
vt 0.781250 0.111111
vt 0.791667 0.111111
vt 0.802083 0.111111
vt 0.812500 0.111111
vt 0.822917 0.111111
vt 0.833333 0.111111
vt 0.843750 0.111111
vt 0.854167 0.111111
vt 0.864583 0.111111
vt 0.875000 0.111111
vt 0.885417 0.111111
vt 0.895833 0.111111
vt 0.906250 0.111111
vt 0.916667 0.111111
vt 0.927083 0.111111
vt 0.937500 0.111111
vt 0.947917 0.111111
vt 0.958333 0.111111
vt 0.968750 0.111111
vt 0.979167 0.111111
vt 0.989583 0.111111
vt 0.000000 0.166667
vt 0.010417 0.166667
vt 0.020833 0.166667
vt 0.031250 0.166667
vt 0.041667 0.166667
vt 0.052083 0.166667
vt 0.062500 0.166667
vt 0.072917 0.166667
vt 0.083333 0.166667
vt 0.093750 0.166667
vt 0.104167 0.166667
vt 0.114583 0.166667
vt 0.125000 0.166667
vt 0.135417 0.166667
vt 0.145833 0.166667
vt 0.156250 0.166667
vt 0.166667 0.166667
vt 0.177083 0.166667
vt 0.187500 0.166667
vt 0.197917 0.166667
vt 0.208333 0.166667
vt 0.218750 0.166667
vt 0.229167 0.166667
vt 0.239583 0.166667
vt 0.250000 0.166667
vt 0.260417 0.166667
vt 0.270833 0.166667
vt 0.281250 0.166667
vt 0.291667 0.166667
vt 0.302083 0.166667
vt 0.312500 0.166667
vt 0.322917 0.166667
vt 0.333333 0.166667
vt 0.343750 0.166667
vt 0.354167 0.166667
vt 0.364583 0.166667
vt 0.375000 0.166667
vt 0.385417 0.166667
vt 0.395833 0.166667
vt 0.406250 0.166667
vt 0.416667 0.166667
vt 0.427083 0.166667
vt 0.437500 0.166667
vt 0.447917 0.166667
vt 0.458333 0.166667
vt 0.468750 0.166667
vt 0.479167 0.166667
vt 0.489583 0.166667
vt 0.500000 0.166667
vt 0.510417 0.166667
vt 0.520833 0.166667
vt 0.531250 0.166667
vt 0.541667 0.166667
vt 0.552083 0.166667
vt 0.562500 0.166667
vt 0.572917 0.166667
vt 0.583333 0.166667
vt 0.593750 0.166667
vt 0.604167 0.166667
vt 0.614583 0.166667
vt 0.625000 0.166667
vt 0.635417 0.166667
vt 0.645833 0.166667
vt 0.656250 0.166667
vt 0.666667 0.166667
vt 0.677083 0.166667
vt 0.687500 0.166667
vt 0.697917 0.166667
vt 0.708333 0.166667
vt 0.718750 0.166667
vt 0.729167 0.166667
vt 0.739583 0.166667
vt 0.750000 0.166667
vt 0.760417 0.166667
vt 0.770833 0.166667
vt 0.781250 0.166667
vt 0.791667 0.166667
vt 0.802083 0.166667
vt 0.812500 0.166667
vt 0.822917 0.166667
vt 0.833333 0.166667
vt 0.843750 0.166667
vt 0.854167 0.166667
vt 0.864583 0.166667
vt 0.875000 0.166667
vt 0.885417 0.166667
vt 0.895833 0.166667
vt 0.906250 0.166667
vt 0.916667 0.166667
vt 0.927083 0.166667
vt 0.937500 0.166667
vt 0.947917 0.166667
vt 0.958333 0.166667
vt 0.968750 0.166667
vt 0.979167 0.166667
vt 0.989583 0.166667
vt 0.000000 0.222222
vt 0.010417 0.222222
vt 0.020833 0.222222
vt 0.031250 0.222222
vt 0.041667 0.222222
vt 0.052083 0.222222
vt 0.062500 0.222222
vt 0.072917 0.222222
vt 0.083333 0.222222
vt 0.093750 0.222222
vt 0.104167 0.222222
vt 0.114583 0.222222
vt 0.125000 0.222222
vt 0.135417 0.222222
vt 0.145833 0.222222
vt 0.156250 0.222222
vt 0.166667 0.222222
vt 0.177083 0.222222
vt 0.187500 0.222222
vt 0.197917 0.222222
vt 0.208333 0.222222
vt 0.218750 0.222222
vt 0.229167 0.222222
vt 0.239583 0.222222
vt 0.250000 0.222222
vt 0.260417 0.222222
vt 0.270833 0.222222
vt 0.281250 0.222222
vt 0.291667 0.222222
vt 0.302083 0.222222
vt 0.312500 0.222222
vt 0.322917 0.222222
vt 0.333333 0.222222
vt 0.343750 0.222222
vt 0.354167 0.222222
vt 0.364583 0.222222
vt 0.375000 0.222222
vt 0.385417 0.222222
vt 0.395833 0.222222
vt 0.406250 0.222222
vt 0.416667 0.222222
vt 0.427083 0.222222
vt 0.437500 0.222222
vt 0.447917 0.222222
vt 0.458333 0.222222
vt 0.468750 0.222222
vt 0.479167 0.222222
vt 0.489583 0.222222
vt 0.500000 0.222222
vt 0.510417 0.222222
vt 0.520833 0.222222
vt 0.531250 0.222222
vt 0.541667 0.222222
vt 0.552083 0.222222
vt 0.562500 0.222222
vt 0.572917 0.222222
vt 0.583333 0.222222
vt 0.593750 0.222222
vt 0.604167 0.222222
vt 0.614583 0.222222
vt 0.625000 0.222222
vt 0.635417 0.222222
vt 0.645833 0.222222
vt 0.656250 0.222222
vt 0.666667 0.222222
vt 0.677083 0.222222
vt 0.687500 0.222222
vt 0.697917 0.222222
vt 0.708333 0.222222
vt 0.718750 0.222222
vt 0.729167 0.222222
vt 0.739583 0.222222
vt 0.750000 0.222222
vt 0.760417 0.222222
vt 0.770833 0.222222
vt 0.781250 0.222222
vt 0.791667 0.222222
vt 0.802083 0.222222
vt 0.812500 0.222222
vt 0.822917 0.222222
vt 0.833333 0.222222
vt 0.843750 0.222222
vt 0.854167 0.222222
vt 0.864583 0.222222
vt 0.875000 0.222222
vt 0.885417 0.222222
vt 0.895833 0.222222
vt 0.906250 0.222222
vt 0.916667 0.222222
vt 0.927083 0.222222
vt 0.937500 0.222222
vt 0.947917 0.222222
vt 0.958333 0.222222
vt 0.968750 0.222222
vt 0.979167 0.222222
vt 0.989583 0.222222
vt 0.000000 0.277778
vt 0.010417 0.277778
vt 0.020833 0.277778
vt 0.031250 0.277778
vt 0.041667 0.277778
vt 0.052083 0.277778
vt 0.062500 0.277778
vt 0.072917 0.277778
vt 0.083333 0.277778
vt 0.093750 0.277778
vt 0.104167 0.277778
vt 0.114583 0.277778
vt 0.125000 0.277778
vt 0.135417 0.277778
vt 0.145833 0.277778
vt 0.156250 0.277778
vt 0.166667 0.277778
vt 0.177083 0.277778
vt 0.187500 0.277778
vt 0.197917 0.277778
vt 0.208333 0.277778
vt 0.218750 0.277778
vt 0.229167 0.277778
vt 0.239583 0.277778
vt 0.250000 0.277778
vt 0.260417 0.277778
vt 0.270833 0.277778
vt 0.281250 0.277778
vt 0.291667 0.277778
vt 0.302083 0.277778
vt 0.312500 0.277778
vt 0.322917 0.277778
vt 0.333333 0.277778
vt 0.343750 0.277778
vt 0.354167 0.277778
vt 0.364583 0.277778
vt 0.375000 0.277778
vt 0.385417 0.277778
vt 0.395833 0.277778
vt 0.406250 0.277778
vt 0.416667 0.277778
vt 0.427083 0.277778
vt 0.437500 0.277778
vt 0.447917 0.277778
vt 0.458333 0.277778
vt 0.468750 0.277778
vt 0.479167 0.277778
vt 0.489583 0.277778
vt 0.500000 0.277778
vt 0.510417 0.277778
vt 0.520833 0.277778
vt 0.531250 0.277778
vt 0.541667 0.277778
vt 0.552083 0.277778
vt 0.562500 0.277778
vt 0.572917 0.277778
vt 0.583333 0.277778
vt 0.593750 0.277778
vt 0.604167 0.277778
vt 0.614583 0.277778
vt 0.625000 0.277778
vt 0.635417 0.277778
vt 0.645833 0.277778
vt 0.656250 0.277778
vt 0.666667 0.277778
vt 0.677083 0.277778
vt 0.687500 0.277778
vt 0.697917 0.277778
vt 0.708333 0.277778
vt 0.718750 0.277778
vt 0.729167 0.277778
vt 0.739583 0.277778
vt 0.750000 0.277778
vt 0.760417 0.277778
vt 0.770833 0.277778
vt 0.781250 0.277778
vt 0.791667 0.277778
vt 0.802083 0.277778
vt 0.812500 0.277778
vt 0.822917 0.277778
vt 0.833333 0.277778
vt 0.843750 0.277778
vt 0.854167 0.277778
vt 0.864583 0.277778
vt 0.875000 0.277778
vt 0.885417 0.277778
vt 0.895833 0.277778
vt 0.906250 0.277778
vt 0.916667 0.277778
vt 0.927083 0.277778
vt 0.937500 0.277778
vt 0.947917 0.277778
vt 0.958333 0.277778
vt 0.968750 0.277778
vt 0.979167 0.277778
vt 0.989583 0.277778
vt 0.000000 0.333333
vt 0.010417 0.333333
vt 0.020833 0.333333
vt 0.031250 0.333333
vt 0.041667 0.333333
vt 0.052083 0.333333
vt 0.062500 0.333333
vt 0.072917 0.333333
vt 0.083333 0.333333
vt 0.093750 0.333333
vt 0.104167 0.333333
vt 0.114583 0.333333
vt 0.125000 0.333333
vt 0.135417 0.333333
vt 0.145833 0.333333
vt 0.156250 0.333333
vt 0.166667 0.333333
vt 0.177083 0.333333
vt 0.187500 0.333333
vt 0.197917 0.333333
vt 0.208333 0.333333
vt 0.218750 0.333333
vt 0.229167 0.333333
vt 0.239583 0.333333
vt 0.250000 0.333333
vt 0.260417 0.333333
vt 0.270833 0.333333
vt 0.281250 0.333333
vt 0.291667 0.333333
vt 0.302083 0.333333
vt 0.312500 0.333333
vt 0.322917 0.333333
vt 0.333333 0.333333
vt 0.343750 0.333333
vt 0.354167 0.333333
vt 0.364583 0.333333
vt 0.375000 0.333333
vt 0.385417 0.333333
vt 0.395833 0.333333
vt 0.406250 0.333333
vt 0.416667 0.333333
vt 0.427083 0.333333
vt 0.437500 0.333333
vt 0.447917 0.333333
vt 0.458333 0.333333
vt 0.468750 0.333333
vt 0.479167 0.333333
vt 0.489583 0.333333
vt 0.500000 0.333333
vt 0.510417 0.333333
vt 0.520833 0.333333
vt 0.531250 0.333333
vt 0.541667 0.333333
vt 0.552083 0.333333
vt 0.562500 0.333333
vt 0.572917 0.333333
vt 0.583333 0.333333
vt 0.593750 0.333333
vt 0.604167 0.333333
vt 0.614583 0.333333
vt 0.625000 0.333333
vt 0.635417 0.333333
vt 0.645833 0.333333
vt 0.656250 0.333333
vt 0.666667 0.333333
vt 0.677083 0.333333
vt 0.687500 0.333333
vt 0.697917 0.333333
vt 0.708333 0.333333
vt 0.718750 0.333333
vt 0.729167 0.333333
vt 0.739583 0.333333
vt 0.750000 0.333333
vt 0.760417 0.333333
vt 0.770833 0.333333
vt 0.781250 0.333333
vt 0.791667 0.333333
vt 0.802083 0.333333
vt 0.812500 0.333333
vt 0.822917 0.333333
vt 0.833333 0.333333
vt 0.843750 0.333333
vt 0.854167 0.333333
vt 0.864583 0.333333
vt 0.875000 0.333333
vt 0.885417 0.333333
vt 0.895833 0.333333
vt 0.906250 0.333333
vt 0.916667 0.333333
vt 0.927083 0.333333
vt 0.937500 0.333333
vt 0.947917 0.333333
vt 0.958333 0.333333
vt 0.968750 0.333333
vt 0.979167 0.333333
vt 0.989583 0.333333
vt 0.000000 0.388889
vt 0.010417 0.388889
vt 0.020833 0.388889
vt 0.031250 0.388889
vt 0.041667 0.388889
vt 0.052083 0.388889
vt 0.062500 0.388889
vt 0.072917 0.388889
vt 0.083333 0.388889
vt 0.093750 0.388889
vt 0.104167 0.388889
vt 0.114583 0.388889
vt 0.125000 0.388889
vt 0.135417 0.388889
vt 0.145833 0.388889
vt 0.156250 0.388889
vt 0.166667 0.388889
vt 0.177083 0.388889
vt 0.187500 0.388889
vt 0.197917 0.388889
vt 0.208333 0.388889
vt 0.218750 0.388889
vt 0.229167 0.388889
vt 0.239583 0.388889
vt 0.250000 0.388889
vt 0.260417 0.388889
vt 0.270833 0.388889
vt 0.281250 0.388889
vt 0.291667 0.388889
vt 0.302083 0.388889
vt 0.312500 0.388889
vt 0.322917 0.388889
vt 0.333333 0.388889
vt 0.343750 0.388889
vt 0.354167 0.388889
vt 0.364583 0.388889
vt 0.375000 0.388889
vt 0.385417 0.388889
vt 0.395833 0.388889
vt 0.406250 0.388889
vt 0.416667 0.388889
vt 0.427083 0.388889
vt 0.437500 0.388889
vt 0.447917 0.388889
vt 0.458333 0.388889
vt 0.468750 0.388889
vt 0.479167 0.388889
vt 0.489583 0.388889
vt 0.500000 0.388889
vt 0.510417 0.388889
vt 0.520833 0.388889
vt 0.531250 0.388889
vt 0.541667 0.388889
vt 0.552083 0.388889
vt 0.562500 0.388889
vt 0.572917 0.388889
vt 0.583333 0.388889
vt 0.593750 0.388889
vt 0.604167 0.388889
vt 0.614583 0.388889
vt 0.625000 0.388889
vt 0.635417 0.388889
vt 0.645833 0.388889
vt 0.656250 0.388889
vt 0.666667 0.388889
vt 0.677083 0.388889
vt 0.687500 0.388889
vt 0.697917 0.388889
vt 0.708333 0.388889
vt 0.718750 0.388889
vt 0.729167 0.388889
vt 0.739583 0.388889
vt 0.750000 0.388889
vt 0.760417 0.388889
vt 0.770833 0.388889
vt 0.781250 0.388889
vt 0.791667 0.388889
vt 0.802083 0.388889
vt 0.812500 0.388889
vt 0.822917 0.388889
vt 0.833333 0.388889
vt 0.843750 0.388889
vt 0.854167 0.388889
vt 0.864583 0.388889
vt 0.875000 0.388889
vt 0.885417 0.388889
vt 0.895833 0.388889
vt 0.906250 0.388889
vt 0.916667 0.388889
vt 0.927083 0.388889
vt 0.937500 0.388889
vt 0.947917 0.388889
vt 0.958333 0.388889
vt 0.968750 0.388889
vt 0.979167 0.388889
vt 0.989583 0.388889
vt 0.000000 0.444444
vt 0.010417 0.444444
vt 0.020833 0.444444
vt 0.031250 0.444444
vt 0.041667 0.444444
vt 0.052083 0.444444
vt 0.062500 0.444444
vt 0.072917 0.444444
vt 0.083333 0.444444
vt 0.093750 0.444444
vt 0.104167 0.444444
vt 0.114583 0.444444
vt 0.125000 0.444444
vt 0.135417 0.444444
vt 0.145833 0.444444
vt 0.156250 0.444444
vt 0.166667 0.444444
vt 0.177083 0.444444
vt 0.187500 0.444444
vt 0.197917 0.444444
vt 0.208333 0.444444
vt 0.218750 0.444444
vt 0.229167 0.444444
vt 0.239583 0.444444
vt 0.250000 0.444444
vt 0.260417 0.444444
vt 0.270833 0.444444
vt 0.281250 0.444444
vt 0.291667 0.444444
vt 0.302083 0.444444
vt 0.312500 0.444444
vt 0.322917 0.444444
vt 0.333333 0.444444
vt 0.343750 0.444444
vt 0.354167 0.444444
vt 0.364583 0.444444
vt 0.375000 0.444444
vt 0.385417 0.444444
vt 0.395833 0.444444
vt 0.406250 0.444444
vt 0.416667 0.444444
vt 0.427083 0.444444
vt 0.437500 0.444444
vt 0.447917 0.444444
vt 0.458333 0.444444
vt 0.468750 0.444444
vt 0.479167 0.444444
vt 0.489583 0.444444
vt 0.500000 0.444444
vt 0.510417 0.444444
vt 0.520833 0.444444
vt 0.531250 0.444444
vt 0.541667 0.444444
vt 0.552083 0.444444
vt 0.562500 0.444444
vt 0.572917 0.444444
vt 0.583333 0.444444
vt 0.593750 0.444444
vt 0.604167 0.444444
vt 0.614583 0.444444
vt 0.625000 0.444444
vt 0.635417 0.444444
vt 0.645833 0.444444
vt 0.656250 0.444444
vt 0.666667 0.444444
vt 0.677083 0.444444
vt 0.687500 0.444444
vt 0.697917 0.444444
vt 0.708333 0.444444
vt 0.718750 0.444444
vt 0.729167 0.444444
vt 0.739583 0.444444
vt 0.750000 0.444444
vt 0.760417 0.444444
vt 0.770833 0.444444
vt 0.781250 0.444444
vt 0.791667 0.444444
vt 0.802083 0.444444
vt 0.812500 0.444444
vt 0.822917 0.444444
vt 0.833333 0.444444
vt 0.843750 0.444444
vt 0.854167 0.444444
vt 0.864583 0.444444
vt 0.875000 0.444444
vt 0.885417 0.444444
vt 0.895833 0.444444
vt 0.906250 0.444444
vt 0.916667 0.444444
vt 0.927083 0.444444
vt 0.937500 0.444444
vt 0.947917 0.444444
vt 0.958333 0.444444
vt 0.968750 0.444444
vt 0.979167 0.444444
vt 0.989583 0.444444
vt 0.000000 0.500000
vt 0.010417 0.500000
vt 0.020833 0.500000
vt 0.031250 0.500000
vt 0.041667 0.500000
vt 0.052083 0.500000
vt 0.062500 0.500000
vt 0.072917 0.500000
vt 0.083333 0.500000
vt 0.093750 0.500000
vt 0.104167 0.500000
vt 0.114583 0.500000
vt 0.125000 0.500000
vt 0.135417 0.500000
vt 0.145833 0.500000
vt 0.156250 0.500000
vt 0.166667 0.500000
vt 0.177083 0.500000
vt 0.187500 0.500000
vt 0.197917 0.500000
vt 0.208333 0.500000
vt 0.218750 0.500000
vt 0.229167 0.500000
vt 0.239583 0.500000
vt 0.250000 0.500000
vt 0.260417 0.500000
vt 0.270833 0.500000
vt 0.281250 0.500000
vt 0.291667 0.500000
vt 0.302083 0.500000
vt 0.312500 0.500000
vt 0.322917 0.500000
vt 0.333333 0.500000
vt 0.343750 0.500000
vt 0.354167 0.500000
vt 0.364583 0.500000
vt 0.375000 0.500000
vt 0.385417 0.500000
vt 0.395833 0.500000
vt 0.406250 0.500000
vt 0.416667 0.500000
vt 0.427083 0.500000
vt 0.437500 0.500000
vt 0.447917 0.500000
vt 0.458333 0.500000
vt 0.468750 0.500000
vt 0.479167 0.500000
vt 0.489583 0.500000
vt 0.500000 0.500000
vt 0.510417 0.500000
vt 0.520833 0.500000
vt 0.531250 0.500000
vt 0.541667 0.500000
vt 0.552083 0.500000
vt 0.562500 0.500000
vt 0.572917 0.500000
vt 0.583333 0.500000
vt 0.593750 0.500000
vt 0.604167 0.500000
vt 0.614583 0.500000
vt 0.625000 0.500000
vt 0.635417 0.500000
vt 0.645833 0.500000
vt 0.656250 0.500000
vt 0.666667 0.500000
vt 0.677083 0.500000
vt 0.687500 0.500000
vt 0.697917 0.500000
vt 0.708333 0.500000
vt 0.718750 0.500000
vt 0.729167 0.500000
vt 0.739583 0.500000
vt 0.750000 0.500000
vt 0.760417 0.500000
vt 0.770833 0.500000
vt 0.781250 0.500000
vt 0.791667 0.500000
vt 0.802083 0.500000
vt 0.812500 0.500000
vt 0.822917 0.500000
vt 0.833333 0.500000
vt 0.843750 0.500000
vt 0.854167 0.500000
vt 0.864583 0.500000
vt 0.875000 0.500000
vt 0.885417 0.500000
vt 0.895833 0.500000
vt 0.906250 0.500000
vt 0.916667 0.500000
vt 0.927083 0.500000
vt 0.937500 0.500000
vt 0.947917 0.500000
vt 0.958333 0.500000
vt 0.968750 0.500000
vt 0.979167 0.500000
vt 0.989583 0.500000
vt 0.000000 0.555556
vt 0.010417 0.555556
vt 0.020833 0.555556
vt 0.031250 0.555556
vt 0.041667 0.555556
vt 0.052083 0.555556
vt 0.062500 0.555556
vt 0.072917 0.555556
vt 0.083333 0.555556
vt 0.093750 0.555556
vt 0.104167 0.555556
vt 0.114583 0.555556
vt 0.125000 0.555556
vt 0.135417 0.555556
vt 0.145833 0.555556
vt 0.156250 0.555556
vt 0.166667 0.555556
vt 0.177083 0.555556
vt 0.187500 0.555556
vt 0.197917 0.555556
vt 0.208333 0.555556
vt 0.218750 0.555556
vt 0.229167 0.555556
vt 0.239583 0.555556
vt 0.250000 0.555556
vt 0.260417 0.555556
vt 0.270833 0.555556
vt 0.281250 0.555556
vt 0.291667 0.555556
vt 0.302083 0.555556
vt 0.312500 0.555556
vt 0.322917 0.555556
vt 0.333333 0.555556
vt 0.343750 0.555556
vt 0.354167 0.555556
vt 0.364583 0.555556
vt 0.375000 0.555556
vt 0.385417 0.555556
vt 0.395833 0.555556
vt 0.406250 0.555556
vt 0.416667 0.555556
vt 0.427083 0.555556
vt 0.437500 0.555556
vt 0.447917 0.555556
vt 0.458333 0.555556
vt 0.468750 0.555556
vt 0.479167 0.555556
vt 0.489583 0.555556
vt 0.500000 0.555556
vt 0.510417 0.555556
vt 0.520833 0.555556
vt 0.531250 0.555556
vt 0.541667 0.555556
vt 0.552083 0.555556
vt 0.562500 0.555556
vt 0.572917 0.555556
vt 0.583333 0.555556
vt 0.593750 0.555556
vt 0.604167 0.555556
vt 0.614583 0.555556
vt 0.625000 0.555556
vt 0.635417 0.555556
vt 0.645833 0.555556
vt 0.656250 0.555556
vt 0.666667 0.555556
vt 0.677083 0.555556
vt 0.687500 0.555556
vt 0.697917 0.555556
vt 0.708333 0.555556
vt 0.718750 0.555556
vt 0.729167 0.555556
vt 0.739583 0.555556
vt 0.750000 0.555556
vt 0.760417 0.555556
vt 0.770833 0.555556
vt 0.781250 0.555556
vt 0.791667 0.555556
vt 0.802083 0.555556
vt 0.812500 0.555556
vt 0.822917 0.555556
vt 0.833333 0.555556
vt 0.843750 0.555556
vt 0.854167 0.555556
vt 0.864583 0.555556
vt 0.875000 0.555556
vt 0.885417 0.555556
vt 0.895833 0.555556
vt 0.906250 0.555556
vt 0.916667 0.555556
vt 0.927083 0.555556
vt 0.937500 0.555556
vt 0.947917 0.555556
vt 0.958333 0.555556
vt 0.968750 0.555556
vt 0.979167 0.555556
vt 0.989583 0.555556
vt 0.000000 0.611111
vt 0.010417 0.611111
vt 0.020833 0.611111
vt 0.031250 0.611111
vt 0.041667 0.611111
vt 0.052083 0.611111
vt 0.062500 0.611111
vt 0.072917 0.611111
vt 0.083333 0.611111
vt 0.093750 0.611111
vt 0.104167 0.611111
vt 0.114583 0.611111
vt 0.125000 0.611111
vt 0.135417 0.611111
vt 0.145833 0.611111
vt 0.156250 0.611111
vt 0.166667 0.611111
vt 0.177083 0.611111
vt 0.187500 0.611111
vt 0.197917 0.611111
vt 0.208333 0.611111
vt 0.218750 0.611111
vt 0.229167 0.611111
vt 0.239583 0.611111
vt 0.250000 0.611111
vt 0.260417 0.611111
vt 0.270833 0.611111
vt 0.281250 0.611111
vt 0.291667 0.611111
vt 0.302083 0.611111
vt 0.312500 0.611111
vt 0.322917 0.611111
vt 0.333333 0.611111
vt 0.343750 0.611111
vt 0.354167 0.611111
vt 0.364583 0.611111
vt 0.375000 0.611111
vt 0.385417 0.611111
vt 0.395833 0.611111
vt 0.406250 0.611111
vt 0.416667 0.611111
vt 0.427083 0.611111
vt 0.437500 0.611111
vt 0.447917 0.611111
vt 0.458333 0.611111
vt 0.468750 0.611111
vt 0.479167 0.611111
vt 0.489583 0.611111
vt 0.500000 0.611111
vt 0.510417 0.611111
vt 0.520833 0.611111
vt 0.531250 0.611111
vt 0.541667 0.611111
vt 0.552083 0.611111
vt 0.562500 0.611111
vt 0.572917 0.611111
vt 0.583333 0.611111
vt 0.593750 0.611111
vt 0.604167 0.611111
vt 0.614583 0.611111
vt 0.625000 0.611111
vt 0.635417 0.611111
vt 0.645833 0.611111
vt 0.656250 0.611111
vt 0.666667 0.611111
vt 0.677083 0.611111
vt 0.687500 0.611111
vt 0.697917 0.611111
vt 0.708333 0.611111
vt 0.718750 0.611111
vt 0.729167 0.611111
vt 0.739583 0.611111
vt 0.750000 0.611111
vt 0.760417 0.611111
vt 0.770833 0.611111
vt 0.781250 0.611111
vt 0.791667 0.611111
vt 0.802083 0.611111
vt 0.812500 0.611111
vt 0.822917 0.611111
vt 0.833333 0.611111
vt 0.843750 0.611111
vt 0.854167 0.611111
vt 0.864583 0.611111
vt 0.875000 0.611111
vt 0.885417 0.611111
vt 0.895833 0.611111
vt 0.906250 0.611111
vt 0.916667 0.611111
vt 0.927083 0.611111
vt 0.937500 0.611111
vt 0.947917 0.611111
vt 0.958333 0.611111
vt 0.968750 0.611111
vt 0.979167 0.611111
vt 0.989583 0.611111
vt 0.000000 0.666667
vt 0.010417 0.666667
vt 0.020833 0.666667
vt 0.031250 0.666667
vt 0.041667 0.666667
vt 0.052083 0.666667
vt 0.062500 0.666667
vt 0.072917 0.666667
vt 0.083333 0.666667
vt 0.093750 0.666667
vt 0.104167 0.666667
vt 0.114583 0.666667
vt 0.125000 0.666667
vt 0.135417 0.666667
vt 0.145833 0.666667
vt 0.156250 0.666667
vt 0.166667 0.666667
vt 0.177083 0.666667
vt 0.187500 0.666667
vt 0.197917 0.666667
vt 0.208333 0.666667
vt 0.218750 0.666667
vt 0.229167 0.666667
vt 0.239583 0.666667
vt 0.250000 0.666667
vt 0.260417 0.666667
vt 0.270833 0.666667
vt 0.281250 0.666667
vt 0.291667 0.666667
vt 0.302083 0.666667
vt 0.312500 0.666667
vt 0.322917 0.666667
vt 0.333333 0.666667
vt 0.343750 0.666667
vt 0.354167 0.666667
vt 0.364583 0.666667
vt 0.375000 0.666667
vt 0.385417 0.666667
vt 0.395833 0.666667
vt 0.406250 0.666667
vt 0.416667 0.666667
vt 0.427083 0.666667
vt 0.437500 0.666667
vt 0.447917 0.666667
vt 0.458333 0.666667
vt 0.468750 0.666667
vt 0.479167 0.666667
vt 0.489583 0.666667
vt 0.500000 0.666667
vt 0.510417 0.666667
vt 0.520833 0.666667
vt 0.531250 0.666667
vt 0.541667 0.666667
vt 0.552083 0.666667
vt 0.562500 0.666667
vt 0.572917 0.666667
vt 0.583333 0.666667
vt 0.593750 0.666667
vt 0.604167 0.666667
vt 0.614583 0.666667
vt 0.625000 0.666667
vt 0.635417 0.666667
vt 0.645833 0.666667
vt 0.656250 0.666667
vt 0.666667 0.666667
vt 0.677083 0.666667
vt 0.687500 0.666667
vt 0.697917 0.666667
vt 0.708333 0.666667
vt 0.718750 0.666667
vt 0.729167 0.666667
vt 0.739583 0.666667
vt 0.750000 0.666667
vt 0.760417 0.666667
vt 0.770833 0.666667
vt 0.781250 0.666667
vt 0.791667 0.666667
vt 0.802083 0.666667
vt 0.812500 0.666667
vt 0.822917 0.666667
vt 0.833333 0.666667
vt 0.843750 0.666667
vt 0.854167 0.666667
vt 0.864583 0.666667
vt 0.875000 0.666667
vt 0.885417 0.666667
vt 0.895833 0.666667
vt 0.906250 0.666667
vt 0.916667 0.666667
vt 0.927083 0.666667
vt 0.937500 0.666667
vt 0.947917 0.666667
vt 0.958333 0.666667
vt 0.968750 0.666667
vt 0.979167 0.666667
vt 0.989583 0.666667
vt 0.000000 0.722222
vt 0.010417 0.722222
vt 0.020833 0.722222
vt 0.031250 0.722222
vt 0.041667 0.722222
vt 0.052083 0.722222
vt 0.062500 0.722222
vt 0.072917 0.722222
vt 0.083333 0.722222
vt 0.093750 0.722222
vt 0.104167 0.722222
vt 0.114583 0.722222
vt 0.125000 0.722222
vt 0.135417 0.722222
vt 0.145833 0.722222
vt 0.156250 0.722222
vt 0.166667 0.722222
vt 0.177083 0.722222
vt 0.187500 0.722222
vt 0.197917 0.722222
vt 0.208333 0.722222
vt 0.218750 0.722222
vt 0.229167 0.722222
vt 0.239583 0.722222
vt 0.250000 0.722222
vt 0.260417 0.722222
vt 0.270833 0.722222
vt 0.281250 0.722222
vt 0.291667 0.722222
vt 0.302083 0.722222
vt 0.312500 0.722222
vt 0.322917 0.722222
vt 0.333333 0.722222
vt 0.343750 0.722222
vt 0.354167 0.722222
vt 0.364583 0.722222
vt 0.375000 0.722222
vt 0.385417 0.722222
vt 0.395833 0.722222
vt 0.406250 0.722222
vt 0.416667 0.722222
vt 0.427083 0.722222
vt 0.437500 0.722222
vt 0.447917 0.722222
vt 0.458333 0.722222
vt 0.468750 0.722222
vt 0.479167 0.722222
vt 0.489583 0.722222
vt 0.500000 0.722222
vt 0.510417 0.722222
vt 0.520833 0.722222
vt 0.531250 0.722222
vt 0.541667 0.722222
vt 0.552083 0.722222
vt 0.562500 0.722222
vt 0.572917 0.722222
vt 0.583333 0.722222
vt 0.593750 0.722222
vt 0.604167 0.722222
vt 0.614583 0.722222
vt 0.625000 0.722222
vt 0.635417 0.722222
vt 0.645833 0.722222
vt 0.656250 0.722222
vt 0.666667 0.722222
vt 0.677083 0.722222
vt 0.687500 0.722222
vt 0.697917 0.722222
vt 0.708333 0.722222
vt 0.718750 0.722222
vt 0.729167 0.722222
vt 0.739583 0.722222
vt 0.750000 0.722222
vt 0.760417 0.722222
vt 0.770833 0.722222
vt 0.781250 0.722222
vt 0.791667 0.722222
vt 0.802083 0.722222
vt 0.812500 0.722222
vt 0.822917 0.722222
vt 0.833333 0.722222
vt 0.843750 0.722222
vt 0.854167 0.722222
vt 0.864583 0.722222
vt 0.875000 0.722222
vt 0.885417 0.722222
vt 0.895833 0.722222
vt 0.906250 0.722222
vt 0.916667 0.722222
vt 0.927083 0.722222
vt 0.937500 0.722222
vt 0.947917 0.722222
vt 0.958333 0.722222
vt 0.968750 0.722222
vt 0.979167 0.722222
vt 0.989583 0.722222
vt 0.000000 0.777778
vt 0.010417 0.777778
vt 0.020833 0.777778
vt 0.031250 0.777778
vt 0.041667 0.777778
vt 0.052083 0.777778
vt 0.062500 0.777778
vt 0.072917 0.777778
vt 0.083333 0.777778
vt 0.093750 0.777778
vt 0.104167 0.777778
vt 0.114583 0.777778
vt 0.125000 0.777778
vt 0.135417 0.777778
vt 0.145833 0.777778
vt 0.156250 0.777778
vt 0.166667 0.777778
vt 0.177083 0.777778
vt 0.187500 0.777778
vt 0.197917 0.777778
vt 0.208333 0.777778
vt 0.218750 0.777778
vt 0.229167 0.777778
vt 0.239583 0.777778
vt 0.250000 0.777778
vt 0.260417 0.777778
vt 0.270833 0.777778
vt 0.281250 0.777778
vt 0.291667 0.777778
vt 0.302083 0.777778
vt 0.312500 0.777778
vt 0.322917 0.777778
vt 0.333333 0.777778
vt 0.343750 0.777778
vt 0.354167 0.777778
vt 0.364583 0.777778
vt 0.375000 0.777778
vt 0.385417 0.777778
vt 0.395833 0.777778
vt 0.406250 0.777778
vt 0.416667 0.777778
vt 0.427083 0.777778
vt 0.437500 0.777778
vt 0.447917 0.777778
vt 0.458333 0.777778
vt 0.468750 0.777778
vt 0.479167 0.777778
vt 0.489583 0.777778
vt 0.500000 0.777778
vt 0.510417 0.777778
vt 0.520833 0.777778
vt 0.531250 0.777778
vt 0.541667 0.777778
vt 0.552083 0.777778
vt 0.562500 0.777778
vt 0.572917 0.777778
vt 0.583333 0.777778
vt 0.593750 0.777778
vt 0.604167 0.777778
vt 0.614583 0.777778
vt 0.625000 0.777778
vt 0.635417 0.777778
vt 0.645833 0.777778
vt 0.656250 0.777778
vt 0.666667 0.777778
vt 0.677083 0.777778
vt 0.687500 0.777778
vt 0.697917 0.777778
vt 0.708333 0.777778
vt 0.718750 0.777778
vt 0.729167 0.777778
vt 0.739583 0.777778
vt 0.750000 0.777778
vt 0.760417 0.777778
vt 0.770833 0.777778
vt 0.781250 0.777778
vt 0.791667 0.777778
vt 0.802083 0.777778
vt 0.812500 0.777778
vt 0.822917 0.777778
vt 0.833333 0.777778
vt 0.843750 0.777778
vt 0.854167 0.777778
vt 0.864583 0.777778
vt 0.875000 0.777778
vt 0.885417 0.777778
vt 0.895833 0.777778
vt 0.906250 0.777778
vt 0.916667 0.777778
vt 0.927083 0.777778
vt 0.937500 0.777778
vt 0.947917 0.777778
vt 0.958333 0.777778
vt 0.968750 0.777778
vt 0.979167 0.777778
vt 0.989583 0.777778
vt 0.000000 0.833333
vt 0.010417 0.833333
vt 0.020833 0.833333
vt 0.031250 0.833333
vt 0.041667 0.833333
vt 0.052083 0.833333
vt 0.062500 0.833333
vt 0.072917 0.833333
vt 0.083333 0.833333
vt 0.093750 0.833333
vt 0.104167 0.833333
vt 0.114583 0.833333
vt 0.125000 0.833333
vt 0.135417 0.833333
vt 0.145833 0.833333
vt 0.156250 0.833333
vt 0.166667 0.833333
vt 0.177083 0.833333
vt 0.187500 0.833333
vt 0.197917 0.833333
vt 0.208333 0.833333
vt 0.218750 0.833333
vt 0.229167 0.833333
vt 0.239583 0.833333
vt 0.250000 0.833333
vt 0.260417 0.833333
vt 0.270833 0.833333
vt 0.281250 0.833333
vt 0.291667 0.833333
vt 0.302083 0.833333
vt 0.312500 0.833333
vt 0.322917 0.833333
vt 0.333333 0.833333
vt 0.343750 0.833333
vt 0.354167 0.833333
vt 0.364583 0.833333
vt 0.375000 0.833333
vt 0.385417 0.833333
vt 0.395833 0.833333
vt 0.406250 0.833333
vt 0.416667 0.833333
vt 0.427083 0.833333
vt 0.437500 0.833333
vt 0.447917 0.833333
vt 0.458333 0.833333
vt 0.468750 0.833333
vt 0.479167 0.833333
vt 0.489583 0.833333
vt 0.500000 0.833333
vt 0.510417 0.833333
vt 0.520833 0.833333
vt 0.531250 0.833333
vt 0.541667 0.833333
vt 0.552083 0.833333
vt 0.562500 0.833333
vt 0.572917 0.833333
vt 0.583333 0.833333
vt 0.593750 0.833333
vt 0.604167 0.833333
vt 0.614583 0.833333
vt 0.625000 0.833333
vt 0.635417 0.833333
vt 0.645833 0.833333
vt 0.656250 0.833333
vt 0.666667 0.833333
vt 0.677083 0.833333
vt 0.687500 0.833333
vt 0.697917 0.833333
vt 0.708333 0.833333
vt 0.718750 0.833333
vt 0.729167 0.833333
vt 0.739583 0.833333
vt 0.750000 0.833333
vt 0.760417 0.833333
vt 0.770833 0.833333
vt 0.781250 0.833333
vt 0.791667 0.833333
vt 0.802083 0.833333
vt 0.812500 0.833333
vt 0.822917 0.833333
vt 0.833333 0.833333
vt 0.843750 0.833333
vt 0.854167 0.833333
vt 0.864583 0.833333
vt 0.875000 0.833333
vt 0.885417 0.833333
vt 0.895833 0.833333
vt 0.906250 0.833333
vt 0.916667 0.833333
vt 0.927083 0.833333
vt 0.937500 0.833333
vt 0.947917 0.833333
vt 0.958333 0.833333
vt 0.968750 0.833333
vt 0.979167 0.833333
vt 0.989583 0.833333
vt 0.000000 0.888889
vt 0.010417 0.888889
vt 0.020833 0.888889
vt 0.031250 0.888889
vt 0.041667 0.888889
vt 0.052083 0.888889
vt 0.062500 0.888889
vt 0.072917 0.888889
vt 0.083333 0.888889
vt 0.093750 0.888889
vt 0.104167 0.888889
vt 0.114583 0.888889
vt 0.125000 0.888889
vt 0.135417 0.888889
vt 0.145833 0.888889
vt 0.156250 0.888889
vt 0.166667 0.888889
vt 0.177083 0.888889
vt 0.187500 0.888889
vt 0.197917 0.888889
vt 0.208333 0.888889
vt 0.218750 0.888889
vt 0.229167 0.888889
vt 0.239583 0.888889
vt 0.250000 0.888889
vt 0.260417 0.888889
vt 0.270833 0.888889
vt 0.281250 0.888889
vt 0.291667 0.888889
vt 0.302083 0.888889
vt 0.312500 0.888889
vt 0.322917 0.888889
vt 0.333333 0.888889
vt 0.343750 0.888889
vt 0.354167 0.888889
vt 0.364583 0.888889
vt 0.375000 0.888889
vt 0.385417 0.888889
vt 0.395833 0.888889
vt 0.406250 0.888889
vt 0.416667 0.888889
vt 0.427083 0.888889
vt 0.437500 0.888889
vt 0.447917 0.888889
vt 0.458333 0.888889
vt 0.468750 0.888889
vt 0.479167 0.888889
vt 0.489583 0.888889
vt 0.500000 0.888889
vt 0.510417 0.888889
vt 0.520833 0.888889
vt 0.531250 0.888889
vt 0.541667 0.888889
vt 0.552083 0.888889
vt 0.562500 0.888889
vt 0.572917 0.888889
vt 0.583333 0.888889
vt 0.593750 0.888889
vt 0.604167 0.888889
vt 0.614583 0.888889
vt 0.625000 0.888889
vt 0.635417 0.888889
vt 0.645833 0.888889
vt 0.656250 0.888889
vt 0.666667 0.888889
vt 0.677083 0.888889
vt 0.687500 0.888889
vt 0.697917 0.888889
vt 0.708333 0.888889
vt 0.718750 0.888889
vt 0.729167 0.888889
vt 0.739583 0.888889
vt 0.750000 0.888889
vt 0.760417 0.888889
vt 0.770833 0.888889
vt 0.781250 0.888889
vt 0.791667 0.888889
vt 0.802083 0.888889
vt 0.812500 0.888889
vt 0.822917 0.888889
vt 0.833333 0.888889
vt 0.843750 0.888889
vt 0.854167 0.888889
vt 0.864583 0.888889
vt 0.875000 0.888889
vt 0.885417 0.888889
vt 0.895833 0.888889
vt 0.906250 0.888889
vt 0.916667 0.888889
vt 0.927083 0.888889
vt 0.937500 0.888889
vt 0.947917 0.888889
vt 0.958333 0.888889
vt 0.968750 0.888889
vt 0.979167 0.888889
vt 0.989583 0.888889
vt 0.000000 0.944444
vt 0.010417 0.944444
vt 0.020833 0.944444
vt 0.031250 0.944444
vt 0.041667 0.944444
vt 0.052083 0.944444
vt 0.062500 0.944444
vt 0.072917 0.944444
vt 0.083333 0.944444
vt 0.093750 0.944444
vt 0.104167 0.944444
vt 0.114583 0.944444
vt 0.125000 0.944444
vt 0.135417 0.944444
vt 0.145833 0.944444
vt 0.156250 0.944444
vt 0.166667 0.944444
vt 0.177083 0.944444
vt 0.187500 0.944444
vt 0.197917 0.944444
vt 0.208333 0.944444
vt 0.218750 0.944444
vt 0.229167 0.944444
vt 0.239583 0.944444
vt 0.250000 0.944444
vt 0.260417 0.944444
vt 0.270833 0.944444
vt 0.281250 0.944444
vt 0.291667 0.944444
vt 0.302083 0.944444
vt 0.312500 0.944444
vt 0.322917 0.944444
vt 0.333333 0.944444
vt 0.343750 0.944444
vt 0.354167 0.944444
vt 0.364583 0.944444
vt 0.375000 0.944444
vt 0.385417 0.944444
vt 0.395833 0.944444
vt 0.406250 0.944444
vt 0.416667 0.944444
vt 0.427083 0.944444
vt 0.437500 0.944444
vt 0.447917 0.944444
vt 0.458333 0.944444
vt 0.468750 0.944444
vt 0.479167 0.944444
vt 0.489583 0.944444
vt 0.500000 0.944444
vt 0.510417 0.944444
vt 0.520833 0.944444
vt 0.531250 0.944444
vt 0.541667 0.944444
vt 0.552083 0.944444
vt 0.562500 0.944444
vt 0.572917 0.944444
vt 0.583333 0.944444
vt 0.593750 0.944444
vt 0.604167 0.944444
vt 0.614583 0.944444
vt 0.625000 0.944444
vt 0.635417 0.944444
vt 0.645833 0.944444
vt 0.656250 0.944444
vt 0.666667 0.944444
vt 0.677083 0.944444
vt 0.687500 0.944444
vt 0.697917 0.944444
vt 0.708333 0.944444
vt 0.718750 0.944444
vt 0.729167 0.944444
vt 0.739583 0.944444
vt 0.750000 0.944444
vt 0.760417 0.944444
vt 0.770833 0.944444
vt 0.781250 0.944444
vt 0.791667 0.944444
vt 0.802083 0.944444
vt 0.812500 0.944444
vt 0.822917 0.944444
vt 0.833333 0.944444
vt 0.843750 0.944444
vt 0.854167 0.944444
vt 0.864583 0.944444
vt 0.875000 0.944444
vt 0.885417 0.944444
vt 0.895833 0.944444
vt 0.906250 0.944444
vt 0.916667 0.944444
vt 0.927083 0.944444
vt 0.937500 0.944444
vt 0.947917 0.944444
vt 0.958333 0.944444
vt 0.968750 0.944444
vt 0.979167 0.944444
vt 0.989583 0.944444
vt 0.000000 1.000000
vt 0.010417 1.000000
vt 0.020833 1.000000
vt 0.031250 1.000000
vt 0.041667 1.000000
vt 0.052083 1.000000
vt 0.062500 1.000000
vt 0.072917 1.000000
vt 0.083333 1.000000
vt 0.093750 1.000000
vt 0.104167 1.000000
vt 0.114583 1.000000
vt 0.125000 1.000000
vt 0.135417 1.000000
vt 0.145833 1.000000
vt 0.156250 1.000000
vt 0.166667 1.000000
vt 0.177083 1.000000
vt 0.187500 1.000000
vt 0.197917 1.000000
vt 0.208333 1.000000
vt 0.218750 1.000000
vt 0.229167 1.000000
vt 0.239583 1.000000
vt 0.250000 1.000000
vt 0.260417 1.000000
vt 0.270833 1.000000
vt 0.281250 1.000000
vt 0.291667 1.000000
vt 0.302083 1.000000
vt 0.312500 1.000000
vt 0.322917 1.000000
vt 0.333333 1.000000
vt 0.343750 1.000000
vt 0.354167 1.000000
vt 0.364583 1.000000
vt 0.375000 1.000000
vt 0.385417 1.000000
vt 0.395833 1.000000
vt 0.406250 1.000000
vt 0.416667 1.000000
vt 0.427083 1.000000
vt 0.437500 1.000000
vt 0.447917 1.000000
vt 0.458333 1.000000
vt 0.468750 1.000000
vt 0.479167 1.000000
vt 0.489583 1.000000
vt 0.500000 1.000000
vt 0.510417 1.000000
vt 0.520833 1.000000
vt 0.531250 1.000000
vt 0.541667 1.000000
vt 0.552083 1.000000
vt 0.562500 1.000000
vt 0.572917 1.000000
vt 0.583333 1.000000
vt 0.593750 1.000000
vt 0.604167 1.000000
vt 0.614583 1.000000
vt 0.625000 1.000000
vt 0.635417 1.000000
vt 0.645833 1.000000
vt 0.656250 1.000000
vt 0.666667 1.000000
vt 0.677083 1.000000
vt 0.687500 1.000000
vt 0.697917 1.000000
vt 0.708333 1.000000
vt 0.718750 1.000000
vt 0.729167 1.000000
vt 0.739583 1.000000
vt 0.750000 1.000000
vt 0.760417 1.000000
vt 0.770833 1.000000
vt 0.781250 1.000000
vt 0.791667 1.000000
vt 0.802083 1.000000
vt 0.812500 1.000000
vt 0.822917 1.000000
vt 0.833333 1.000000
vt 0.843750 1.000000
vt 0.854167 1.000000
vt 0.864583 1.000000
vt 0.875000 1.000000
vt 0.885417 1.000000
vt 0.895833 1.000000
vt 0.906250 1.000000
vt 0.916667 1.000000
vt 0.927083 1.000000
vt 0.937500 1.000000
vt 0.947917 1.000000
vt 0.958333 1.000000
vt 0.968750 1.000000
vt 0.979167 1.000000
vt 0.989583 1.000000
vt 0.000000 0.000000
vt 0.010417 0.000000
vt 0.020833 0.000000
vt 0.031250 0.000000
vt 0.041667 0.000000
vt 0.052083 0.000000
vt 0.062500 0.000000
vt 0.072917 0.000000
vt 0.083333 0.000000
vt 0.093750 0.000000
vt 0.104167 0.000000
vt 0.114583 0.000000
vt 0.125000 0.000000
vt 0.135417 0.000000
vt 0.145833 0.000000
vt 0.156250 0.000000
vt 0.166667 0.000000
vt 0.177083 0.000000
vt 0.187500 0.000000
vt 0.197917 0.000000
vt 0.208333 0.000000
vt 0.218750 0.000000
vt 0.229167 0.000000
vt 0.239583 0.000000
vt 0.250000 0.000000
vt 0.260417 0.000000
vt 0.270833 0.000000
vt 0.281250 0.000000
vt 0.291667 0.000000
vt 0.302083 0.000000
vt 0.312500 0.000000
vt 0.322917 0.000000
vt 0.333333 0.000000
vt 0.343750 0.000000
vt 0.354167 0.000000
vt 0.364583 0.000000
vt 0.375000 0.000000
vt 0.385417 0.000000
vt 0.395833 0.000000
vt 0.406250 0.000000
vt 0.416667 0.000000
vt 0.427083 0.000000
vt 0.437500 0.000000
vt 0.447917 0.000000
vt 0.458333 0.000000
vt 0.468750 0.000000
vt 0.479167 0.000000
vt 0.489583 0.000000
vt 0.500000 0.000000
vt 0.510417 0.000000
vt 0.520833 0.000000
vt 0.531250 0.000000
vt 0.541667 0.000000
vt 0.552083 0.000000
vt 0.562500 0.000000
vt 0.572917 0.000000
vt 0.583333 0.000000
vt 0.593750 0.000000
vt 0.604167 0.000000
vt 0.614583 0.000000
vt 0.625000 0.000000
vt 0.635417 0.000000
vt 0.645833 0.000000
vt 0.656250 0.000000
vt 0.666667 0.000000
vt 0.677083 0.000000
vt 0.687500 0.000000
vt 0.697917 0.000000
vt 0.708333 0.000000
vt 0.718750 0.000000
vt 0.729167 0.000000
vt 0.739583 0.000000
vt 0.750000 0.000000
vt 0.760417 0.000000
vt 0.770833 0.000000
vt 0.781250 0.000000
vt 0.791667 0.000000
vt 0.802083 0.000000
vt 0.812500 0.000000
vt 0.822917 0.000000
vt 0.833333 0.000000
vt 0.843750 0.000000
vt 0.854167 0.000000
vt 0.864583 0.000000
vt 0.875000 0.000000
vt 0.885417 0.000000
vt 0.895833 0.000000
vt 0.906250 0.000000
vt 0.916667 0.000000
vt 0.927083 0.000000
vt 0.937500 0.000000
vt 0.947917 0.000000
vt 0.958333 0.000000
vt 0.968750 0.000000
vt 0.979167 0.000000
vt 0.989583 0.000000
vt 0.000000 0.000000
vt 0.010417 0.000000
vt 0.020833 0.000000
vt 0.031250 0.000000
vt 0.041667 0.000000
vt 0.052083 0.000000
vt 0.062500 0.000000
vt 0.072917 0.000000
vt 0.083333 0.000000
vt 0.093750 0.000000
vt 0.104167 0.000000
vt 0.114583 0.000000
vt 0.125000 0.000000
vt 0.135417 0.000000
vt 0.145833 0.000000
vt 0.156250 0.000000
vt 0.166667 0.000000
vt 0.177083 0.000000
vt 0.187500 0.000000
vt 0.197917 0.000000
vt 0.208333 0.000000
vt 0.218750 0.000000
vt 0.229167 0.000000
vt 0.239583 0.000000
vt 0.250000 0.000000
vt 0.260417 0.000000
vt 0.270833 0.000000
vt 0.281250 0.000000
vt 0.291667 0.000000
vt 0.302083 0.000000
vt 0.312500 0.000000
vt 0.322917 0.000000
vt 0.333333 0.000000
vt 0.343750 0.000000
vt 0.354167 0.000000
vt 0.364583 0.000000
vt 0.375000 0.000000
vt 0.385417 0.000000
vt 0.395833 0.000000
vt 0.406250 0.000000
vt 0.416667 0.000000
vt 0.427083 0.000000
vt 0.437500 0.000000
vt 0.447917 0.000000
vt 0.458333 0.000000
vt 0.468750 0.000000
vt 0.479167 0.000000
vt 0.489583 0.000000
vt 0.500000 0.000000
vt 0.510417 0.000000
vt 0.520833 0.000000
vt 0.531250 0.000000
vt 0.541667 0.000000
vt 0.552083 0.000000
vt 0.562500 0.000000
vt 0.572917 0.000000
vt 0.583333 0.000000
vt 0.593750 0.000000
vt 0.604167 0.000000
vt 0.614583 0.000000
vt 0.625000 0.000000
vt 0.635417 0.000000
vt 0.645833 0.000000
vt 0.656250 0.000000
vt 0.666667 0.000000
vt 0.677083 0.000000
vt 0.687500 0.000000
vt 0.697917 0.000000
vt 0.708333 0.000000
vt 0.718750 0.000000
vt 0.729167 0.000000
vt 0.739583 0.000000
vt 0.750000 0.000000
vt 0.760417 0.000000
vt 0.770833 0.000000
vt 0.781250 0.000000
vt 0.791667 0.000000
vt 0.802083 0.000000
vt 0.812500 0.000000
vt 0.822917 0.000000
vt 0.833333 0.000000
vt 0.843750 0.000000
vt 0.854167 0.000000
vt 0.864583 0.000000
vt 0.875000 0.000000
vt 0.885417 0.000000
vt 0.895833 0.000000
vt 0.906250 0.000000
vt 0.916667 0.000000
vt 0.927083 0.000000
vt 0.937500 0.000000
vt 0.947917 0.000000
vt 0.958333 0.000000
vt 0.968750 0.000000
vt 0.979167 0.000000
vt 0.989583 0.000000
vt 0.000000 0.000000
vt 0.010417 0.000000
vt 0.020833 0.000000
vt 0.031250 0.000000
vt 0.041667 0.000000
vt 0.052083 0.000000
vt 0.062500 0.000000
vt 0.072917 0.000000
vt 0.083333 0.000000
vt 0.093750 0.000000
vt 0.104167 0.000000
vt 0.114583 0.000000
vt 0.125000 0.000000
vt 0.135417 0.000000
vt 0.145833 0.000000
vt 0.156250 0.000000
vt 0.166667 0.000000
vt 0.177083 0.000000
vt 0.187500 0.000000
vt 0.197917 0.000000
vt 0.208333 0.000000
vt 0.218750 0.000000
vt 0.229167 0.000000
vt 0.239583 0.000000
vt 0.250000 0.000000
vt 0.260417 0.000000
vt 0.270833 0.000000
vt 0.281250 0.000000
vt 0.291667 0.000000
vt 0.302083 0.000000
vt 0.312500 0.000000
vt 0.322917 0.000000
vt 0.333333 0.000000
vt 0.343750 0.000000
vt 0.354167 0.000000
vt 0.364583 0.000000
vt 0.375000 0.000000
vt 0.385417 0.000000
vt 0.395833 0.000000
vt 0.406250 0.000000
vt 0.416667 0.000000
vt 0.427083 0.000000
vt 0.437500 0.000000
vt 0.447917 0.000000
vt 0.458333 0.000000
vt 0.468750 0.000000
vt 0.479167 0.000000
vt 0.489583 0.000000
vt 0.500000 0.000000
vt 0.510417 0.000000
vt 0.520833 0.000000
vt 0.531250 0.000000
vt 0.541667 0.000000
vt 0.552083 0.000000
vt 0.562500 0.000000
vt 0.572917 0.000000
vt 0.583333 0.000000
vt 0.593750 0.000000
vt 0.604167 0.000000
vt 0.614583 0.000000
vt 0.625000 0.000000
vt 0.635417 0.000000
vt 0.645833 0.000000
vt 0.656250 0.000000
vt 0.666667 0.000000
vt 0.677083 0.000000
vt 0.687500 0.000000
vt 0.697917 0.000000
vt 0.708333 0.000000
vt 0.718750 0.000000
vt 0.729167 0.000000
vt 0.739583 0.000000
vt 0.750000 0.000000
vt 0.760417 0.000000
vt 0.770833 0.000000
vt 0.781250 0.000000
vt 0.791667 0.000000
vt 0.802083 0.000000
vt 0.812500 0.000000
vt 0.822917 0.000000
vt 0.833333 0.000000
vt 0.843750 0.000000
vt 0.854167 0.000000
vt 0.864583 0.000000
vt 0.875000 0.000000
vt 0.885417 0.000000
vt 0.895833 0.000000
vt 0.906250 0.000000
vt 0.916667 0.000000
vt 0.927083 0.000000
vt 0.937500 0.000000
vt 0.947917 0.000000
vt 0.958333 0.000000
vt 0.968750 0.000000
vt 0.979167 0.000000
vt 0.989583 0.000000
vt 0.000000 0.000000
vt 0.010417 0.000000
vt 0.020833 0.000000
vt 0.031250 0.000000
vt 0.041667 0.000000
vt 0.052083 0.000000
vt 0.062500 0.000000
vt 0.072917 0.000000
vt 0.083333 0.000000
vt 0.093750 0.000000
vt 0.104167 0.000000
vt 0.114583 0.000000
vt 0.125000 0.000000
vt 0.135417 0.000000
vt 0.145833 0.000000
vt 0.156250 0.000000
vt 0.166667 0.000000
vt 0.177083 0.000000
vt 0.187500 0.000000
vt 0.197917 0.000000
vt 0.208333 0.000000
vt 0.218750 0.000000
vt 0.229167 0.000000
vt 0.239583 0.000000
vt 0.250000 0.000000
vt 0.260417 0.000000
vt 0.270833 0.000000
vt 0.281250 0.000000
vt 0.291667 0.000000
vt 0.302083 0.000000
vt 0.312500 0.000000
vt 0.322917 0.000000
vt 0.333333 0.000000
vt 0.343750 0.000000
vt 0.354167 0.000000
vt 0.364583 0.000000
vt 0.375000 0.000000
vt 0.385417 0.000000
vt 0.395833 0.000000
vt 0.406250 0.000000
vt 0.416667 0.000000
vt 0.427083 0.000000
vt 0.437500 0.000000
vt 0.447917 0.000000
vt 0.458333 0.000000
vt 0.468750 0.000000
vt 0.479167 0.000000
vt 0.489583 0.000000
vt 0.500000 0.000000
vt 0.510417 0.000000
vt 0.520833 0.000000
vt 0.531250 0.000000
vt 0.541667 0.000000
vt 0.552083 0.000000
vt 0.562500 0.000000
vt 0.572917 0.000000
vt 0.583333 0.000000
vt 0.593750 0.000000
vt 0.604167 0.000000
vt 0.614583 0.000000
vt 0.625000 0.000000
vt 0.635417 0.000000
vt 0.645833 0.000000
vt 0.656250 0.000000
vt 0.666667 0.000000
vt 0.677083 0.000000
vt 0.687500 0.000000
vt 0.697917 0.000000
vt 0.708333 0.000000
vt 0.718750 0.000000
vt 0.729167 0.000000
vt 0.739583 0.000000
vt 0.750000 0.000000
vt 0.760417 0.000000
vt 0.770833 0.000000
vt 0.781250 0.000000
vt 0.791667 0.000000
vt 0.802083 0.000000
vt 0.812500 0.000000
vt 0.822917 0.000000
vt 0.833333 0.000000
vt 0.843750 0.000000
vt 0.854167 0.000000
vt 0.864583 0.000000
vt 0.875000 0.000000
vt 0.885417 0.000000
vt 0.895833 0.000000
vt 0.906250 0.000000
vt 0.916667 0.000000
vt 0.927083 0.000000
vt 0.937500 0.000000
vt 0.947917 0.000000
vt 0.958333 0.000000
vt 0.968750 0.000000
vt 0.979167 0.000000
vt 0.989583 0.000000
vt 0.000000 0.000000
vt 0.010417 0.000000
vt 0.020833 0.000000
vt 0.031250 0.000000
vt 0.041667 0.000000
vt 0.052083 0.000000
vt 0.062500 0.000000
vt 0.072917 0.000000
vt 0.083333 0.000000
vt 0.093750 0.000000
vt 0.104167 0.000000
vt 0.114583 0.000000
vt 0.125000 0.000000
vt 0.135417 0.000000
vt 0.145833 0.000000
vt 0.156250 0.000000
vt 0.166667 0.000000
vt 0.177083 0.000000
vt 0.187500 0.000000
vt 0.197917 0.000000
vt 0.208333 0.000000
vt 0.218750 0.000000
vt 0.229167 0.000000
vt 0.239583 0.000000
vt 0.250000 0.000000
vt 0.260417 0.000000
vt 0.270833 0.000000
vt 0.281250 0.000000
vt 0.291667 0.000000
vt 0.302083 0.000000
vt 0.312500 0.000000
vt 0.322917 0.000000
vt 0.333333 0.000000
vt 0.343750 0.000000
vt 0.354167 0.000000
vt 0.364583 0.000000
vt 0.375000 0.000000
vt 0.385417 0.000000
vt 0.395833 0.000000
vt 0.406250 0.000000
vt 0.416667 0.000000
vt 0.427083 0.000000
vt 0.437500 0.000000
vt 0.447917 0.000000
vt 0.458333 0.000000
vt 0.468750 0.000000
vt 0.479167 0.000000
vt 0.489583 0.000000
vt 0.500000 0.000000
vt 0.510417 0.000000
vt 0.520833 0.000000
vt 0.531250 0.000000
vt 0.541667 0.000000
vt 0.552083 0.000000
vt 0.562500 0.000000
vt 0.572917 0.000000
vt 0.583333 0.000000
vt 0.593750 0.000000
vt 0.604167 0.000000
vt 0.614583 0.000000
vt 0.625000 0.000000
vt 0.635417 0.000000
vt 0.645833 0.000000
vt 0.656250 0.000000
vt 0.666667 0.000000
vt 0.677083 0.000000
vt 0.687500 0.000000
vt 0.697917 0.000000
vt 0.708333 0.000000
vt 0.718750 0.000000
vt 0.729167 0.000000
vt 0.739583 0.000000
vt 0.750000 0.000000
vt 0.760417 0.000000
vt 0.770833 0.000000
vt 0.781250 0.000000
vt 0.791667 0.000000
vt 0.802083 0.000000
vt 0.812500 0.000000
vt 0.822917 0.000000
vt 0.833333 0.000000
vt 0.843750 0.000000
vt 0.854167 0.000000
vt 0.864583 0.000000
vt 0.875000 0.000000
vt 0.885417 0.000000
vt 0.895833 0.000000
vt 0.906250 0.000000
vt 0.916667 0.000000
vt 0.927083 0.000000
vt 0.937500 0.000000
vt 0.947917 0.000000
vt 0.958333 0.000000
vt 0.968750 0.000000
vt 0.979167 0.000000
vt 0.989583 0.000000
vt 0.000000 1.000000
vt 0.010417 1.000000
vt 0.020833 1.000000
vt 0.031250 1.000000
vt 0.041667 1.000000
vt 0.052083 1.000000
vt 0.062500 1.000000
vt 0.072917 1.000000
vt 0.083333 1.000000
vt 0.093750 1.000000
vt 0.104167 1.000000
vt 0.114583 1.000000
vt 0.125000 1.000000
vt 0.135417 1.000000
vt 0.145833 1.000000
vt 0.156250 1.000000
vt 0.166667 1.000000
vt 0.177083 1.000000
vt 0.187500 1.000000
vt 0.197917 1.000000
vt 0.208333 1.000000
vt 0.218750 1.000000
vt 0.229167 1.000000
vt 0.239583 1.000000
vt 0.250000 1.000000
vt 0.260417 1.000000
vt 0.270833 1.000000
vt 0.281250 1.000000
vt 0.291667 1.000000
vt 0.302083 1.000000
vt 0.312500 1.000000
vt 0.322917 1.000000
vt 0.333333 1.000000
vt 0.343750 1.000000
vt 0.354167 1.000000
vt 0.364583 1.000000
vt 0.375000 1.000000
vt 0.385417 1.000000
vt 0.395833 1.000000
vt 0.406250 1.000000
vt 0.416667 1.000000
vt 0.427083 1.000000
vt 0.437500 1.000000
vt 0.447917 1.000000
vt 0.458333 1.000000
vt 0.468750 1.000000
vt 0.479167 1.000000
vt 0.489583 1.000000
vt 0.500000 1.000000
vt 0.510417 1.000000
vt 0.520833 1.000000
vt 0.531250 1.000000
vt 0.541667 1.000000
vt 0.552083 1.000000
vt 0.562500 1.000000
vt 0.572917 1.000000
vt 0.583333 1.000000
vt 0.593750 1.000000
vt 0.604167 1.000000
vt 0.614583 1.000000
vt 0.625000 1.000000
vt 0.635417 1.000000
vt 0.645833 1.000000
vt 0.656250 1.000000
vt 0.666667 1.000000
vt 0.677083 1.000000
vt 0.687500 1.000000
vt 0.697917 1.000000
vt 0.708333 1.000000
vt 0.718750 1.000000
vt 0.729167 1.000000
vt 0.739583 1.000000
vt 0.750000 1.000000
vt 0.760417 1.000000
vt 0.770833 1.000000
vt 0.781250 1.000000
vt 0.791667 1.000000
vt 0.802083 1.000000
vt 0.812500 1.000000
vt 0.822917 1.000000
vt 0.833333 1.000000
vt 0.843750 1.000000
vt 0.854167 1.000000
vt 0.864583 1.000000
vt 0.875000 1.000000
vt 0.885417 1.000000
vt 0.895833 1.000000
vt 0.906250 1.000000
vt 0.916667 1.000000
vt 0.927083 1.000000
vt 0.937500 1.000000
vt 0.947917 1.000000
vt 0.958333 1.000000
vt 0.968750 1.000000
vt 0.979167 1.000000
vt 0.989583 1.000000
usemtl Bottle
f 1/1 2/2 98/98 97/97
f 2/2 3/3 99/99 98/98
f 3/3 4/4 100/100 99/99
f 4/4 5/5 101/101 100/100
f 5/5 6/6 102/102 101/101
f 6/6 7/7 103/103 102/102
f 7/7 8/8 104/104 103/103
f 8/8 9/9 105/105 104/104
f 9/9 10/10 106/106 105/105
f 10/10 11/11 107/107 106/106
f 11/11 12/12 108/108 107/107
f 12/12 13/13 109/109 108/108
f 13/13 14/14 110/110 109/109
f 14/14 15/15 111/111 110/110
f 15/15 16/16 112/112 111/111
f 16/16 17/17 113/113 112/112
f 17/17 18/18 114/114 113/113
f 18/18 19/19 115/115 114/114
f 19/19 20/20 116/116 115/115
f 20/20 21/21 117/117 116/116
f 21/21 22/22 118/118 117/117
f 22/22 23/23 119/119 118/118
f 23/23 24/24 120/120 119/119
f 24/24 25/25 121/121 120/120
f 25/25 26/26 122/122 121/121
f 26/26 27/27 123/123 122/122
f 27/27 28/28 124/124 123/123
f 28/28 29/29 125/125 124/124
f 29/29 30/30 126/126 125/125
f 30/30 31/31 127/127 126/126
f 31/31 32/32 128/128 127/127
f 32/32 33/33 129/129 128/128
f 33/33 34/34 130/130 129/129
f 34/34 35/35 131/131 130/130
f 35/35 36/36 132/132 131/131
f 36/36 37/37 133/133 132/132
f 37/37 38/38 134/134 133/133
f 38/38 39/39 135/135 134/134
f 39/39 40/40 136/136 135/135
f 40/40 41/41 137/137 136/136
f 41/41 42/42 138/138 137/137
f 42/42 43/43 139/139 138/138
f 43/43 44/44 140/140 139/139
f 44/44 45/45 141/141 140/140
f 45/45 46/46 142/142 141/141
f 46/46 47/47 143/143 142/142
f 47/47 48/48 144/144 143/143
f 48/48 49/49 145/145 144/144
f 49/49 50/50 146/146 145/145
f 50/50 51/51 147/147 146/146
f 51/51 52/52 148/148 147/147
f 52/52 53/53 149/149 148/148
f 53/53 54/54 150/150 149/149
f 54/54 55/55 151/151 150/150
f 55/55 56/56 152/152 151/151
f 56/56 57/57 153/153 152/152
f 57/57 58/58 154/154 153/153
f 58/58 59/59 155/155 154/154
f 59/59 60/60 156/156 155/155
f 60/60 61/61 157/157 156/156
f 61/61 62/62 158/158 157/157
f 62/62 63/63 159/159 158/158
f 63/63 64/64 160/160 159/159
f 64/64 65/65 161/161 160/160
f 65/65 66/66 162/162 161/161
f 66/66 67/67 163/163 162/162
f 67/67 68/68 164/164 163/163
f 68/68 69/69 165/165 164/164
f 69/69 70/70 166/166 165/165
f 70/70 71/71 167/167 166/166
f 71/71 72/72 168/168 167/167
f 72/72 73/73 169/169 168/168
f 73/73 74/74 170/170 169/169
f 74/74 75/75 171/171 170/170
f 75/75 76/76 172/172 171/171
f 76/76 77/77 173/173 172/172
f 77/77 78/78 174/174 173/173
f 78/78 79/79 175/175 174/174
f 79/79 80/80 176/176 175/175
f 80/80 81/81 177/177 176/176
f 81/81 82/82 178/178 177/177
f 82/82 83/83 179/179 178/178
f 83/83 84/84 180/180 179/179
f 84/84 85/85 181/181 180/180
f 85/85 86/86 182/182 181/181
f 86/86 87/87 183/183 182/182
f 87/87 88/88 184/184 183/183
f 88/88 89/89 185/185 184/184
f 89/89 90/90 186/186 185/185
f 90/90 91/91 187/187 186/186
f 91/91 92/92 188/188 187/187
f 92/92 93/93 189/189 188/188
f 93/93 94/94 190/190 189/189
f 94/94 95/95 191/191 190/190
f 95/95 96/96 192/192 191/191
f 96/96 1/1 97/97 192/192
f 97/97 98/98 194/194 193/193
f 98/98 99/99 195/195 194/194
f 99/99 100/100 196/196 195/195
f 100/100 101/101 197/197 196/196
f 101/101 102/102 198/198 197/197
f 102/102 103/103 199/199 198/198
f 103/103 104/104 200/200 199/199
f 104/104 105/105 201/201 200/200
f 105/105 106/106 202/202 201/201
f 106/106 107/107 203/203 202/202
f 107/107 108/108 204/204 203/203
f 108/108 109/109 205/205 204/204
f 109/109 110/110 206/206 205/205
f 110/110 111/111 207/207 206/206
f 111/111 112/112 208/208 207/207
f 112/112 113/113 209/209 208/208
f 113/113 114/114 210/210 209/209
f 114/114 115/115 211/211 210/210
f 115/115 116/116 212/212 211/211
f 116/116 117/117 213/213 212/212
f 117/117 118/118 214/214 213/213
f 118/118 119/119 215/215 214/214
f 119/119 120/120 216/216 215/215
f 120/120 121/121 217/217 216/216
f 121/121 122/122 218/218 217/217
f 122/122 123/123 219/219 218/218
f 123/123 124/124 220/220 219/219
f 124/124 125/125 221/221 220/220
f 125/125 126/126 222/222 221/221
f 126/126 127/127 223/223 222/222
f 127/127 128/128 224/224 223/223
f 128/128 129/129 225/225 224/224
f 129/129 130/130 226/226 225/225
f 130/130 131/131 227/227 226/226
f 131/131 132/132 228/228 227/227
f 132/132 133/133 229/229 228/228
f 133/133 134/134 230/230 229/229
f 134/134 135/135 231/231 230/230
f 135/135 136/136 232/232 231/231
f 136/136 137/137 233/233 232/232
f 137/137 138/138 234/234 233/233
f 138/138 139/139 235/235 234/234
f 139/139 140/140 236/236 235/235
f 140/140 141/141 237/237 236/236
f 141/141 142/142 238/238 237/237
f 142/142 143/143 239/239 238/238
f 143/143 144/144 240/240 239/239
f 144/144 145/145 241/241 240/240
f 145/145 146/146 242/242 241/241
f 146/146 147/147 243/243 242/242
f 147/147 148/148 244/244 243/243
f 148/148 149/149 245/245 244/244
f 149/149 150/150 246/246 245/245
f 150/150 151/151 247/247 246/246
f 151/151 152/152 248/248 247/247
f 152/152 153/153 249/249 248/248
f 153/153 154/154 250/250 249/249
f 154/154 155/155 251/251 250/250
f 155/155 156/156 252/252 251/251
f 156/156 157/157 253/253 252/252
f 157/157 158/158 254/254 253/253
f 158/158 159/159 255/255 254/254
f 159/159 160/160 256/256 255/255
f 160/160 161/161 257/257 256/256
f 161/161 162/162 258/258 257/257
f 162/162 163/163 259/259 258/258
f 163/163 164/164 260/260 259/259
f 164/164 165/165 261/261 260/260
f 165/165 166/166 262/262 261/261
f 166/166 167/167 263/263 262/262
f 167/167 168/168 264/264 263/263
f 168/168 169/169 265/265 264/264
f 169/169 170/170 266/266 265/265
f 170/170 171/171 267/267 266/266
f 171/171 172/172 268/268 267/267
f 172/172 173/173 269/269 268/268
f 173/173 174/174 270/270 269/269
f 174/174 175/175 271/271 270/270
f 175/175 176/176 272/272 271/271
f 176/176 177/177 273/273 272/272
f 177/177 178/178 274/274 273/273
f 178/178 179/179 275/275 274/274
f 179/179 180/180 276/276 275/275
f 180/180 181/181 277/277 276/276
f 181/181 182/182 278/278 277/277
f 182/182 183/183 279/279 278/278
f 183/183 184/184 280/280 279/279
f 184/184 185/185 281/281 280/280
f 185/185 186/186 282/282 281/281
f 186/186 187/187 283/283 282/282
f 187/187 188/188 284/284 283/283
f 188/188 189/189 285/285 284/284
f 189/189 190/190 286/286 285/285
f 190/190 191/191 287/287 286/286
f 191/191 192/192 288/288 287/287
f 192/192 97/97 193/193 288/288
f 193/193 194/194 290/290 289/289
f 194/194 195/195 291/291 290/290
f 195/195 196/196 292/292 291/291
f 196/196 197/197 293/293 292/292
f 197/197 198/198 294/294 293/293
f 198/198 199/199 295/295 294/294
f 199/199 200/200 296/296 295/295
f 200/200 201/201 297/297 296/296
f 201/201 202/202 298/298 297/297
f 202/202 203/203 299/299 298/298
f 203/203 204/204 300/300 299/299
f 204/204 205/205 301/301 300/300
f 205/205 206/206 302/302 301/301
f 206/206 207/207 303/303 302/302
f 207/207 208/208 304/304 303/303
f 208/208 209/209 305/305 304/304
f 209/209 210/210 306/306 305/305
f 210/210 211/211 307/307 306/306
f 211/211 212/212 308/308 307/307
f 212/212 213/213 309/309 308/308
f 213/213 214/214 310/310 309/309
f 214/214 215/215 311/311 310/310
f 215/215 216/216 312/312 311/311
f 216/216 217/217 313/313 312/312
f 217/217 218/218 314/314 313/313
f 218/218 219/219 315/315 314/314
f 219/219 220/220 316/316 315/315
f 220/220 221/221 317/317 316/316
f 221/221 222/222 318/318 317/317
f 222/222 223/223 319/319 318/318
f 223/223 224/224 320/320 319/319
f 224/224 225/225 321/321 320/320
f 225/225 226/226 322/322 321/321
f 226/226 227/227 323/323 322/322
f 227/227 228/228 324/324 323/323
f 228/228 229/229 325/325 324/324
f 229/229 230/230 326/326 325/325
f 230/230 231/231 327/327 326/326
f 231/231 232/232 328/328 327/327
f 232/232 233/233 329/329 328/328
f 233/233 234/234 330/330 329/329
f 234/234 235/235 331/331 330/330
f 235/235 236/236 332/332 331/331
f 236/236 237/237 333/333 332/332
f 237/237 238/238 334/334 333/333
f 238/238 239/239 335/335 334/334
f 239/239 240/240 336/336 335/335
f 240/240 241/241 337/337 336/336
f 241/241 242/242 338/338 337/337
f 242/242 243/243 339/339 338/338
f 243/243 244/244 340/340 339/339
f 244/244 245/245 341/341 340/340
f 245/245 246/246 342/342 341/341
f 246/246 247/247 343/343 342/342
f 247/247 248/248 344/344 343/343
f 248/248 249/249 345/345 344/344
f 249/249 250/250 346/346 345/345
f 250/250 251/251 347/347 346/346
f 251/251 252/252 348/348 347/347
f 252/252 253/253 349/349 348/348
f 253/253 254/254 350/350 349/349
f 254/254 255/255 351/351 350/350
f 255/255 256/256 352/352 351/351
f 256/256 257/257 353/353 352/352
f 257/257 258/258 354/354 353/353
f 258/258 259/259 355/355 354/354
f 259/259 260/260 356/356 355/355
f 260/260 261/261 357/357 356/356
f 261/261 262/262 358/358 357/357
f 262/262 263/263 359/359 358/358
f 263/263 264/264 360/360 359/359
f 264/264 265/265 361/361 360/360
f 265/265 266/266 362/362 361/361
f 266/266 267/267 363/363 362/362
f 267/267 268/268 364/364 363/363
f 268/268 269/269 365/365 364/364
f 269/269 270/270 366/366 365/365
f 270/270 271/271 367/367 366/366
f 271/271 272/272 368/368 367/367
f 272/272 273/273 369/369 368/368
f 273/273 274/274 370/370 369/369
f 274/274 275/275 371/371 370/370
f 275/275 276/276 372/372 371/371
f 276/276 277/277 373/373 372/372
f 277/277 278/278 374/374 373/373
f 278/278 279/279 375/375 374/374
f 279/279 280/280 376/376 375/375
f 280/280 281/281 377/377 376/376
f 281/281 282/282 378/378 377/377
f 282/282 283/283 379/379 378/378
f 283/283 284/284 380/380 379/379
f 284/284 285/285 381/381 380/380
f 285/285 286/286 382/382 381/381
f 286/286 287/287 383/383 382/382
f 287/287 288/288 384/384 383/383
f 288/288 193/193 289/289 384/384
f 289/289 290/290 386/386 385/385
f 290/290 291/291 387/387 386/386
f 291/291 292/292 388/388 387/387
f 292/292 293/293 389/389 388/388
f 293/293 294/294 390/390 389/389
f 294/294 295/295 391/391 390/390
f 295/295 296/296 392/392 391/391
f 296/296 297/297 393/393 392/392
f 297/297 298/298 394/394 393/393
f 298/298 299/299 395/395 394/394
f 299/299 300/300 396/396 395/395
f 300/300 301/301 397/397 396/396
f 301/301 302/302 398/398 397/397
f 302/302 303/303 399/399 398/398
f 303/303 304/304 400/400 399/399
f 304/304 305/305 401/401 400/400
f 305/305 306/306 402/402 401/401
f 306/306 307/307 403/403 402/402
f 307/307 308/308 404/404 403/403
f 308/308 309/309 405/405 404/404
f 309/309 310/310 406/406 405/405
f 310/310 311/311 407/407 406/406
f 311/311 312/312 408/408 407/407
f 312/312 313/313 409/409 408/408
f 313/313 314/314 410/410 409/409
f 314/314 315/315 411/411 410/410
f 315/315 316/316 412/412 411/411
f 316/316 317/317 413/413 412/412
f 317/317 318/318 414/414 413/413
f 318/318 319/319 415/415 414/414
f 319/319 320/320 416/416 415/415
f 320/320 321/321 417/417 416/416
f 321/321 322/322 418/418 417/417
f 322/322 323/323 419/419 418/418
f 323/323 324/324 420/420 419/419
f 324/324 325/325 421/421 420/420
f 325/325 326/326 422/422 421/421
f 326/326 327/327 423/423 422/422
f 327/327 328/328 424/424 423/423
f 328/328 329/329 425/425 424/424
f 329/329 330/330 426/426 425/425
f 330/330 331/331 427/427 426/426
f 331/331 332/332 428/428 427/427
f 332/332 333/333 429/429 428/428
f 333/333 334/334 430/430 429/429
f 334/334 335/335 431/431 430/430
f 335/335 336/336 432/432 431/431
f 336/336 337/337 433/433 432/432
f 337/337 338/338 434/434 433/433
f 338/338 339/339 435/435 434/434
f 339/339 340/340 436/436 435/435
f 340/340 341/341 437/437 436/436
f 341/341 342/342 438/438 437/437
f 342/342 343/343 439/439 438/438
f 343/343 344/344 440/440 439/439
f 344/344 345/345 441/441 440/440
f 345/345 346/346 442/442 441/441
f 346/346 347/347 443/443 442/442
f 347/347 348/348 444/444 443/443
f 348/348 349/349 445/445 444/444
f 349/349 350/350 446/446 445/445
f 350/350 351/351 447/447 446/446
f 351/351 352/352 448/448 447/447
f 352/352 353/353 449/449 448/448
f 353/353 354/354 450/450 449/449
f 354/354 355/355 451/451 450/450
f 355/355 356/356 452/452 451/451
f 356/356 357/357 453/453 452/452
f 357/357 358/358 454/454 453/453
f 358/358 359/359 455/455 454/454
f 359/359 360/360 456/456 455/455
f 360/360 361/361 457/457 456/456
f 361/361 362/362 458/458 457/457
f 362/362 363/363 459/459 458/458
f 363/363 364/364 460/460 459/459
f 364/364 365/365 461/461 460/460
f 365/365 366/366 462/462 461/461
f 366/366 367/367 463/463 462/462
f 367/367 368/368 464/464 463/463
f 368/368 369/369 465/465 464/464
f 369/369 370/370 466/466 465/465
f 370/370 371/371 467/467 466/466
f 371/371 372/372 468/468 467/467
f 372/372 373/373 469/469 468/468
f 373/373 374/374 470/470 469/469
f 374/374 375/375 471/471 470/470
f 375/375 376/376 472/472 471/471
f 376/376 377/377 473/473 472/472
f 377/377 378/378 474/474 473/473
f 378/378 379/379 475/475 474/474
f 379/379 380/380 476/476 475/475
f 380/380 381/381 477/477 476/476
f 381/381 382/382 478/478 477/477
f 382/382 383/383 479/479 478/478
f 383/383 384/384 480/480 479/479
f 384/384 289/289 385/385 480/480
f 385/385 386/386 482/482 481/481
f 386/386 387/387 483/483 482/482
f 387/387 388/388 484/484 483/483
f 388/388 389/389 485/485 484/484
f 389/389 390/390 486/486 485/485
f 390/390 391/391 487/487 486/486
f 391/391 392/392 488/488 487/487
f 392/392 393/393 489/489 488/488
f 393/393 394/394 490/490 489/489
f 394/394 395/395 491/491 490/490
f 395/395 396/396 492/492 491/491
f 396/396 397/397 493/493 492/492
f 397/397 398/398 494/494 493/493
f 398/398 399/399 495/495 494/494
f 399/399 400/400 496/496 495/495
f 400/400 401/401 497/497 496/496
f 401/401 402/402 498/498 497/497
f 402/402 403/403 499/499 498/498
f 403/403 404/404 500/500 499/499
f 404/404 405/405 501/501 500/500
f 405/405 406/406 502/502 501/501
f 406/406 407/407 503/503 502/502
f 407/407 408/408 504/504 503/503
f 408/408 409/409 505/505 504/504
f 409/409 410/410 506/506 505/505
f 410/410 411/411 507/507 506/506
f 411/411 412/412 508/508 507/507
f 412/412 413/413 509/509 508/508
f 413/413 414/414 510/510 509/509
f 414/414 415/415 511/511 510/510
f 415/415 416/416 512/512 511/511
f 416/416 417/417 513/513 512/512
f 417/417 418/418 514/514 513/513
f 418/418 419/419 515/515 514/514
f 419/419 420/420 516/516 515/515
f 420/420 421/421 517/517 516/516
f 421/421 422/422 518/518 517/517
f 422/422 423/423 519/519 518/518
f 423/423 424/424 520/520 519/519
f 424/424 425/425 521/521 520/520
f 425/425 426/426 522/522 521/521
f 426/426 427/427 523/523 522/522
f 427/427 428/428 524/524 523/523
f 428/428 429/429 525/525 524/524
f 429/429 430/430 526/526 525/525
f 430/430 431/431 527/527 526/526
f 431/431 432/432 528/528 527/527
f 432/432 433/433 529/529 528/528
f 433/433 434/434 530/530 529/529
f 434/434 435/435 531/531 530/530
f 435/435 436/436 532/532 531/531
f 436/436 437/437 533/533 532/532
f 437/437 438/438 534/534 533/533
f 438/438 439/439 535/535 534/534
f 439/439 440/440 536/536 535/535
f 440/440 441/441 537/537 536/536
f 441/441 442/442 538/538 537/537
f 442/442 443/443 539/539 538/538
f 443/443 444/444 540/540 539/539
f 444/444 445/445 541/541 540/540
f 445/445 446/446 542/542 541/541
f 446/446 447/447 543/543 542/542
f 447/447 448/448 544/544 543/543
f 448/448 449/449 545/545 544/544
f 449/449 450/450 546/546 545/545
f 450/450 451/451 547/547 546/546
f 451/451 452/452 548/548 547/547
f 452/452 453/453 549/549 548/548
f 453/453 454/454 550/550 549/549
f 454/454 455/455 551/551 550/550
f 455/455 456/456 552/552 551/551
f 456/456 457/457 553/553 552/552
f 457/457 458/458 554/554 553/553
f 458/458 459/459 555/555 554/554
f 459/459 460/460 556/556 555/555
f 460/460 461/461 557/557 556/556
f 461/461 462/462 558/558 557/557
f 462/462 463/463 559/559 558/558
f 463/463 464/464 560/560 559/559
f 464/464 465/465 561/561 560/560
f 465/465 466/466 562/562 561/561
f 466/466 467/467 563/563 562/562
f 467/467 468/468 564/564 563/563
f 468/468 469/469 565/565 564/564
f 469/469 470/470 566/566 565/565
f 470/470 471/471 567/567 566/566
f 471/471 472/472 568/568 567/567
f 472/472 473/473 569/569 568/568
f 473/473 474/474 570/570 569/569
f 474/474 475/475 571/571 570/570
f 475/475 476/476 572/572 571/571
f 476/476 477/477 573/573 572/572
f 477/477 478/478 574/574 573/573
f 478/478 479/479 575/575 574/574
f 479/479 480/480 576/576 575/575
f 480/480 385/385 481/481 576/576
f 481/481 482/482 578/578 577/577
f 482/482 483/483 579/579 578/578
f 483/483 484/484 580/580 579/579
f 484/484 485/485 581/581 580/580
f 485/485 486/486 582/582 581/581
f 486/486 487/487 583/583 582/582
f 487/487 488/488 584/584 583/583
f 488/488 489/489 585/585 584/584
f 489/489 490/490 586/586 585/585
f 490/490 491/491 587/587 586/586
f 491/491 492/492 588/588 587/587
f 492/492 493/493 589/589 588/588
f 493/493 494/494 590/590 589/589
f 494/494 495/495 591/591 590/590
f 495/495 496/496 592/592 591/591
f 496/496 497/497 593/593 592/592
f 497/497 498/498 594/594 593/593
f 498/498 499/499 595/595 594/594
f 499/499 500/500 596/596 595/595
f 500/500 501/501 597/597 596/596
f 501/501 502/502 598/598 597/597
f 502/502 503/503 599/599 598/598
f 503/503 504/504 600/600 599/599
f 504/504 505/505 601/601 600/600
f 505/505 506/506 602/602 601/601
f 506/506 507/507 603/603 602/602
f 507/507 508/508 604/604 603/603
f 508/508 509/509 605/605 604/604
f 509/509 510/510 606/606 605/605
f 510/510 511/511 607/607 606/606
f 511/511 512/512 608/608 607/607
f 512/512 513/513 609/609 608/608
f 513/513 514/514 610/610 609/609
f 514/514 515/515 611/611 610/610
f 515/515 516/516 612/612 611/611
f 516/516 517/517 613/613 612/612
f 517/517 518/518 614/614 613/613
f 518/518 519/519 615/615 614/614
f 519/519 520/520 616/616 615/615
f 520/520 521/521 617/617 616/616
f 521/521 522/522 618/618 617/617
f 522/522 523/523 619/619 618/618
f 523/523 524/524 620/620 619/619
f 524/524 525/525 621/621 620/620
f 525/525 526/526 622/622 621/621
f 526/526 527/527 623/623 622/622
f 527/527 528/528 624/624 623/623
f 528/528 529/529 625/625 624/624
f 529/529 530/530 626/626 625/625
f 530/530 531/531 627/627 626/626
f 531/531 532/532 628/628 627/627
f 532/532 533/533 629/629 628/628
f 533/533 534/534 630/630 629/629
f 534/534 535/535 631/631 630/630
f 535/535 536/536 632/632 631/631
f 536/536 537/537 633/633 632/632
f 537/537 538/538 634/634 633/633
f 538/538 539/539 635/635 634/634
f 539/539 540/540 636/636 635/635
f 540/540 541/541 637/637 636/636
f 541/541 542/542 638/638 637/637
f 542/542 543/543 639/639 638/638
f 543/543 544/544 640/640 639/639
f 544/544 545/545 641/641 640/640
f 545/545 546/546 642/642 641/641
f 546/546 547/547 643/643 642/642
f 547/547 548/548 644/644 643/643
f 548/548 549/549 645/645 644/644
f 549/549 550/550 646/646 645/645
f 550/550 551/551 647/647 646/646
f 551/551 552/552 648/648 647/647
f 552/552 553/553 649/649 648/648
f 553/553 554/554 650/650 649/649
f 554/554 555/555 651/651 650/650
f 555/555 556/556 652/652 651/651
f 556/556 557/557 653/653 652/652
f 557/557 558/558 654/654 653/653
f 558/558 559/559 655/655 654/654
f 559/559 560/560 656/656 655/655
f 560/560 561/561 657/657 656/656
f 561/561 562/562 658/658 657/657
f 562/562 563/563 659/659 658/658
f 563/563 564/564 660/660 659/659
f 564/564 565/565 661/661 660/660
f 565/565 566/566 662/662 661/661
f 566/566 567/567 663/663 662/662
f 567/567 568/568 664/664 663/663
f 568/568 569/569 665/665 664/664
f 569/569 570/570 666/666 665/665
f 570/570 571/571 667/667 666/666
f 571/571 572/572 668/668 667/667
f 572/572 573/573 669/669 668/668
f 573/573 574/574 670/670 669/669
f 574/574 575/575 671/671 670/670
f 575/575 576/576 672/672 671/671
f 576/576 481/481 577/577 672/672
f 577/577 578/578 674/674 673/673
f 578/578 579/579 675/675 674/674
f 579/579 580/580 676/676 675/675
f 580/580 581/581 677/677 676/676
f 581/581 582/582 678/678 677/677
f 582/582 583/583 679/679 678/678
f 583/583 584/584 680/680 679/679
f 584/584 585/585 681/681 680/680
f 585/585 586/586 682/682 681/681
f 586/586 587/587 683/683 682/682
f 587/587 588/588 684/684 683/683
f 588/588 589/589 685/685 684/684
f 589/589 590/590 686/686 685/685
f 590/590 591/591 687/687 686/686
f 591/591 592/592 688/688 687/687
f 592/592 593/593 689/689 688/688
f 593/593 594/594 690/690 689/689
f 594/594 595/595 691/691 690/690
f 595/595 596/596 692/692 691/691
f 596/596 597/597 693/693 692/692
f 597/597 598/598 694/694 693/693
f 598/598 599/599 695/695 694/694
f 599/599 600/600 696/696 695/695
f 600/600 601/601 697/697 696/696
f 601/601 602/602 698/698 697/697
f 602/602 603/603 699/699 698/698
f 603/603 604/604 700/700 699/699
f 604/604 605/605 701/701 700/700
f 605/605 606/606 702/702 701/701
f 606/606 607/607 703/703 702/702
f 607/607 608/608 704/704 703/703
f 608/608 609/609 705/705 704/704
f 609/609 610/610 706/706 705/705
f 610/610 611/611 707/707 706/706
f 611/611 612/612 708/708 707/707
f 612/612 613/613 709/709 708/708
f 613/613 614/614 710/710 709/709
f 614/614 615/615 711/711 710/710
f 615/615 616/616 712/712 711/711
f 616/616 617/617 713/713 712/712
f 617/617 618/618 714/714 713/713
f 618/618 619/619 715/715 714/714
f 619/619 620/620 716/716 715/715
f 620/620 621/621 717/717 716/716
f 621/621 622/622 718/718 717/717
f 622/622 623/623 719/719 718/718
f 623/623 624/624 720/720 719/719
f 624/624 625/625 721/721 720/720
f 625/625 626/626 722/722 721/721
f 626/626 627/627 723/723 722/722
f 627/627 628/628 724/724 723/723
f 628/628 629/629 725/725 724/724
f 629/629 630/630 726/726 725/725
f 630/630 631/631 727/727 726/726
f 631/631 632/632 728/728 727/727
f 632/632 633/633 729/729 728/728
f 633/633 634/634 730/730 729/729
f 634/634 635/635 731/731 730/730
f 635/635 636/636 732/732 731/731
f 636/636 637/637 733/733 732/732
f 637/637 638/638 734/734 733/733
f 638/638 639/639 735/735 734/734
f 639/639 640/640 736/736 735/735
f 640/640 641/641 737/737 736/736
f 641/641 642/642 738/738 737/737
f 642/642 643/643 739/739 738/738
f 643/643 644/644 740/740 739/739
f 644/644 645/645 741/741 740/740
f 645/645 646/646 742/742 741/741
f 646/646 647/647 743/743 742/742
f 647/647 648/648 744/744 743/743
f 648/648 649/649 745/745 744/744
f 649/649 650/650 746/746 745/745
f 650/650 651/651 747/747 746/746
f 651/651 652/652 748/748 747/747
f 652/652 653/653 749/749 748/748
f 653/653 654/654 750/750 749/749
f 654/654 655/655 751/751 750/750
f 655/655 656/656 752/752 751/751
f 656/656 657/657 753/753 752/752
f 657/657 658/658 754/754 753/753
f 658/658 659/659 755/755 754/754
f 659/659 660/660 756/756 755/755
f 660/660 661/661 757/757 756/756
f 661/661 662/662 758/758 757/757
f 662/662 663/663 759/759 758/758
f 663/663 664/664 760/760 759/759
f 664/664 665/665 761/761 760/760
f 665/665 666/666 762/762 761/761
f 666/666 667/667 763/763 762/762
f 667/667 668/668 764/764 763/763
f 668/668 669/669 765/765 764/764
f 669/669 670/670 766/766 765/765
f 670/670 671/671 767/767 766/766
f 671/671 672/672 768/768 767/767
f 672/672 577/577 673/673 768/768
f 673/673 674/674 770/770 769/769
f 674/674 675/675 771/771 770/770
f 675/675 676/676 772/772 771/771
f 676/676 677/677 773/773 772/772
f 677/677 678/678 774/774 773/773
f 678/678 679/679 775/775 774/774
f 679/679 680/680 776/776 775/775
f 680/680 681/681 777/777 776/776
f 681/681 682/682 778/778 777/777
f 682/682 683/683 779/779 778/778
f 683/683 684/684 780/780 779/779
f 684/684 685/685 781/781 780/780
f 685/685 686/686 782/782 781/781
f 686/686 687/687 783/783 782/782
f 687/687 688/688 784/784 783/783
f 688/688 689/689 785/785 784/784
f 689/689 690/690 786/786 785/785
f 690/690 691/691 787/787 786/786
f 691/691 692/692 788/788 787/787
f 692/692 693/693 789/789 788/788
f 693/693 694/694 790/790 789/789
f 694/694 695/695 791/791 790/790
f 695/695 696/696 792/792 791/791
f 696/696 697/697 793/793 792/792
f 697/697 698/698 794/794 793/793
f 698/698 699/699 795/795 794/794
f 699/699 700/700 796/796 795/795
f 700/700 701/701 797/797 796/796
f 701/701 702/702 798/798 797/797
f 702/702 703/703 799/799 798/798
f 703/703 704/704 800/800 799/799
f 704/704 705/705 801/801 800/800
f 705/705 706/706 802/802 801/801
f 706/706 707/707 803/803 802/802
f 707/707 708/708 804/804 803/803
f 708/708 709/709 805/805 804/804
f 709/709 710/710 806/806 805/805
f 710/710 711/711 807/807 806/806
f 711/711 712/712 808/808 807/807
f 712/712 713/713 809/809 808/808
f 713/713 714/714 810/810 809/809
f 714/714 715/715 811/811 810/810
f 715/715 716/716 812/812 811/811
f 716/716 717/717 813/813 812/812
f 717/717 718/718 814/814 813/813
f 718/718 719/719 815/815 814/814
f 719/719 720/720 816/816 815/815
f 720/720 721/721 817/817 816/816
f 721/721 722/722 818/818 817/817
f 722/722 723/723 819/819 818/818
f 723/723 724/724 820/820 819/819
f 724/724 725/725 821/821 820/820
f 725/725 726/726 822/822 821/821
f 726/726 727/727 823/823 822/822
f 727/727 728/728 824/824 823/823
f 728/728 729/729 825/825 824/824
f 729/729 730/730 826/826 825/825
f 730/730 731/731 827/827 826/826
f 731/731 732/732 828/828 827/827
f 732/732 733/733 829/829 828/828
f 733/733 734/734 830/830 829/829
f 734/734 735/735 831/831 830/830
f 735/735 736/736 832/832 831/831
f 736/736 737/737 833/833 832/832
f 737/737 738/738 834/834 833/833
f 738/738 739/739 835/835 834/834
f 739/739 740/740 836/836 835/835
f 740/740 741/741 837/837 836/836
f 741/741 742/742 838/838 837/837
f 742/742 743/743 839/839 838/838
f 743/743 744/744 840/840 839/839
f 744/744 745/745 841/841 840/840
f 745/745 746/746 842/842 841/841
f 746/746 747/747 843/843 842/842
f 747/747 748/748 844/844 843/843
f 748/748 749/749 845/845 844/844
f 749/749 750/750 846/846 845/845
f 750/750 751/751 847/847 846/846
f 751/751 752/752 848/848 847/847
f 752/752 753/753 849/849 848/848
f 753/753 754/754 850/850 849/849
f 754/754 755/755 851/851 850/850
f 755/755 756/756 852/852 851/851
f 756/756 757/757 853/853 852/852
f 757/757 758/758 854/854 853/853
f 758/758 759/759 855/855 854/854
f 759/759 760/760 856/856 855/855
f 760/760 761/761 857/857 856/856
f 761/761 762/762 858/858 857/857
f 762/762 763/763 859/859 858/858
f 763/763 764/764 860/860 859/859
f 764/764 765/765 861/861 860/860
f 765/765 766/766 862/862 861/861
f 766/766 767/767 863/863 862/862
f 767/767 768/768 864/864 863/863
f 768/768 673/673 769/769 864/864
f 769/769 770/770 866/866 865/865
f 770/770 771/771 867/867 866/866
f 771/771 772/772 868/868 867/867
f 772/772 773/773 869/869 868/868
f 773/773 774/774 870/870 869/869
f 774/774 775/775 871/871 870/870
f 775/775 776/776 872/872 871/871
f 776/776 777/777 873/873 872/872
f 777/777 778/778 874/874 873/873
f 778/778 779/779 875/875 874/874
f 779/779 780/780 876/876 875/875
f 780/780 781/781 877/877 876/876
f 781/781 782/782 878/878 877/877
f 782/782 783/783 879/879 878/878
f 783/783 784/784 880/880 879/879
f 784/784 785/785 881/881 880/880
f 785/785 786/786 882/882 881/881
f 786/786 787/787 883/883 882/882
f 787/787 788/788 884/884 883/883
f 788/788 789/789 885/885 884/884
f 789/789 790/790 886/886 885/885
f 790/790 791/791 887/887 886/886
f 791/791 792/792 888/888 887/887
f 792/792 793/793 889/889 888/888
f 793/793 794/794 890/890 889/889
f 794/794 795/795 891/891 890/890
f 795/795 796/796 892/892 891/891
f 796/796 797/797 893/893 892/892
f 797/797 798/798 894/894 893/893
f 798/798 799/799 895/895 894/894
f 799/799 800/800 896/896 895/895
f 800/800 801/801 897/897 896/896
f 801/801 802/802 898/898 897/897
f 802/802 803/803 899/899 898/898
f 803/803 804/804 900/900 899/899
f 804/804 805/805 901/901 900/900
f 805/805 806/806 902/902 901/901
f 806/806 807/807 903/903 902/902
f 807/807 808/808 904/904 903/903
f 808/808 809/809 905/905 904/904
f 809/809 810/810 906/906 905/905
f 810/810 811/811 907/907 906/906
f 811/811 812/812 908/908 907/907
f 812/812 813/813 909/909 908/908
f 813/813 814/814 910/910 909/909
f 814/814 815/815 911/911 910/910
f 815/815 816/816 912/912 911/911
f 816/816 817/817 913/913 912/912
f 817/817 818/818 914/914 913/913
f 818/818 819/819 915/915 914/914
f 819/819 820/820 916/916 915/915
f 820/820 821/821 917/917 916/916
f 821/821 822/822 918/918 917/917
f 822/822 823/823 919/919 918/918
f 823/823 824/824 920/920 919/919
f 824/824 825/825 921/921 920/920
f 825/825 826/826 922/922 921/921
f 826/826 827/827 923/923 922/922
f 827/827 828/828 924/924 923/923
f 828/828 829/829 925/925 924/924
f 829/829 830/830 926/926 925/925
f 830/830 831/831 927/927 926/926
f 831/831 832/832 928/928 927/927
f 832/832 833/833 929/929 928/928
f 833/833 834/834 930/930 929/929
f 834/834 835/835 931/931 930/930
f 835/835 836/836 932/932 931/931
f 836/836 837/837 933/933 932/932
f 837/837 838/838 934/934 933/933
f 838/838 839/839 935/935 934/934
f 839/839 840/840 936/936 935/935
f 840/840 841/841 937/937 936/936
f 841/841 842/842 938/938 937/937
f 842/842 843/843 939/939 938/938
f 843/843 844/844 940/940 939/939
f 844/844 845/845 941/941 940/940
f 845/845 846/846 942/942 941/941
f 846/846 847/847 943/943 942/942
f 847/847 848/848 944/944 943/943
f 848/848 849/849 945/945 944/944
f 849/849 850/850 946/946 945/945
f 850/850 851/851 947/947 946/946
f 851/851 852/852 948/948 947/947
f 852/852 853/853 949/949 948/948
f 853/853 854/854 950/950 949/949
f 854/854 855/855 951/951 950/950
f 855/855 856/856 952/952 951/951
f 856/856 857/857 953/953 952/952
f 857/857 858/858 954/954 953/953
f 858/858 859/859 955/955 954/954
f 859/859 860/860 956/956 955/955
f 860/860 861/861 957/957 956/956
f 861/861 862/862 958/958 957/957
f 862/862 863/863 959/959 958/958
f 863/863 864/864 960/960 959/959
f 864/864 769/769 865/865 960/960
f 865/865 866/866 962/962 961/961
f 866/866 867/867 963/963 962/962
f 867/867 868/868 964/964 963/963
f 868/868 869/869 965/965 964/964
f 869/869 870/870 966/966 965/965
f 870/870 871/871 967/967 966/966
f 871/871 872/872 968/968 967/967
f 872/872 873/873 969/969 968/968
f 873/873 874/874 970/970 969/969
f 874/874 875/875 971/971 970/970
f 875/875 876/876 972/972 971/971
f 876/876 877/877 973/973 972/972
f 877/877 878/878 974/974 973/973
f 878/878 879/879 975/975 974/974
f 879/879 880/880 976/976 975/975
f 880/880 881/881 977/977 976/976
f 881/881 882/882 978/978 977/977
f 882/882 883/883 979/979 978/978
f 883/883 884/884 980/980 979/979
f 884/884 885/885 981/981 980/980
f 885/885 886/886 982/982 981/981
f 886/886 887/887 983/983 982/982
f 887/887 888/888 984/984 983/983
f 888/888 889/889 985/985 984/984
f 889/889 890/890 986/986 985/985
f 890/890 891/891 987/987 986/986
f 891/891 892/892 988/988 987/987
f 892/892 893/893 989/989 988/988
f 893/893 894/894 990/990 989/989
f 894/894 895/895 991/991 990/990
f 895/895 896/896 992/992 991/991
f 896/896 897/897 993/993 992/992
f 897/897 898/898 994/994 993/993
f 898/898 899/899 995/995 994/994
f 899/899 900/900 996/996 995/995
f 900/900 901/901 997/997 996/996
f 901/901 902/902 998/998 997/997
f 902/902 903/903 999/999 998/998
f 903/903 904/904 1000/1000 999/999
f 904/904 905/905 1001/1001 1000/1000
f 905/905 906/906 1002/1002 1001/1001
f 906/906 907/907 1003/1003 1002/1002
f 907/907 908/908 1004/1004 1003/1003
f 908/908 909/909 1005/1005 1004/1004
f 909/909 910/910 1006/1006 1005/1005
f 910/910 911/911 1007/1007 1006/1006
f 911/911 912/912 1008/1008 1007/1007
f 912/912 913/913 1009/1009 1008/1008
f 913/913 914/914 1010/1010 1009/1009
f 914/914 915/915 1011/1011 1010/1010
f 915/915 916/916 1012/1012 1011/1011
f 916/916 917/917 1013/1013 1012/1012
f 917/917 918/918 1014/1014 1013/1013
f 918/918 919/919 1015/1015 1014/1014
f 919/919 920/920 1016/1016 1015/1015
f 920/920 921/921 1017/1017 1016/1016
f 921/921 922/922 1018/1018 1017/1017
f 922/922 923/923 1019/1019 1018/1018
f 923/923 924/924 1020/1020 1019/1019
f 924/924 925/925 1021/1021 1020/1020
f 925/925 926/926 1022/1022 1021/1021
f 926/926 927/927 1023/1023 1022/1022
f 927/927 928/928 1024/1024 1023/1023
f 928/928 929/929 1025/1025 1024/1024
f 929/929 930/930 1026/1026 1025/1025
f 930/930 931/931 1027/1027 1026/1026
f 931/931 932/932 1028/1028 1027/1027
f 932/932 933/933 1029/1029 1028/1028
f 933/933 934/934 1030/1030 1029/1029
f 934/934 935/935 1031/1031 1030/1030
f 935/935 936/936 1032/1032 1031/1031
f 936/936 937/937 1033/1033 1032/1032
f 937/937 938/938 1034/1034 1033/1033
f 938/938 939/939 1035/1035 1034/1034
f 939/939 940/940 1036/1036 1035/1035
f 940/940 941/941 1037/1037 1036/1036
f 941/941 942/942 1038/1038 1037/1037
f 942/942 943/943 1039/1039 1038/1038
f 943/943 944/944 1040/1040 1039/1039
f 944/944 945/945 1041/1041 1040/1040
f 945/945 946/946 1042/1042 1041/1041
f 946/946 947/947 1043/1043 1042/1042
f 947/947 948/948 1044/1044 1043/1043
f 948/948 949/949 1045/1045 1044/1044
f 949/949 950/950 1046/1046 1045/1045
f 950/950 951/951 1047/1047 1046/1046
f 951/951 952/952 1048/1048 1047/1047
f 952/952 953/953 1049/1049 1048/1048
f 953/953 954/954 1050/1050 1049/1049
f 954/954 955/955 1051/1051 1050/1050
f 955/955 956/956 1052/1052 1051/1051
f 956/956 957/957 1053/1053 1052/1052
f 957/957 958/958 1054/1054 1053/1053
f 958/958 959/959 1055/1055 1054/1054
f 959/959 960/960 1056/1056 1055/1055
f 960/960 865/865 961/961 1056/1056
f 961/961 962/962 1058/1058 1057/1057
f 962/962 963/963 1059/1059 1058/1058
f 963/963 964/964 1060/1060 1059/1059
f 964/964 965/965 1061/1061 1060/1060
f 965/965 966/966 1062/1062 1061/1061
f 966/966 967/967 1063/1063 1062/1062
f 967/967 968/968 1064/1064 1063/1063
f 968/968 969/969 1065/1065 1064/1064
f 969/969 970/970 1066/1066 1065/1065
f 970/970 971/971 1067/1067 1066/1066
f 971/971 972/972 1068/1068 1067/1067
f 972/972 973/973 1069/1069 1068/1068
f 973/973 974/974 1070/1070 1069/1069
f 974/974 975/975 1071/1071 1070/1070
f 975/975 976/976 1072/1072 1071/1071
f 976/976 977/977 1073/1073 1072/1072
f 977/977 978/978 1074/1074 1073/1073
f 978/978 979/979 1075/1075 1074/1074
f 979/979 980/980 1076/1076 1075/1075
f 980/980 981/981 1077/1077 1076/1076
f 981/981 982/982 1078/1078 1077/1077
f 982/982 983/983 1079/1079 1078/1078
f 983/983 984/984 1080/1080 1079/1079
f 984/984 985/985 1081/1081 1080/1080
f 985/985 986/986 1082/1082 1081/1081
f 986/986 987/987 1083/1083 1082/1082
f 987/987 988/988 1084/1084 1083/1083
f 988/988 989/989 1085/1085 1084/1084
f 989/989 990/990 1086/1086 1085/1085
f 990/990 991/991 1087/1087 1086/1086
f 991/991 992/992 1088/1088 1087/1087
f 992/992 993/993 1089/1089 1088/1088
f 993/993 994/994 1090/1090 1089/1089
f 994/994 995/995 1091/1091 1090/1090
f 995/995 996/996 1092/1092 1091/1091
f 996/996 997/997 1093/1093 1092/1092
f 997/997 998/998 1094/1094 1093/1093
f 998/998 999/999 1095/1095 1094/1094
f 999/999 1000/1000 1096/1096 1095/1095
f 1000/1000 1001/1001 1097/1097 1096/1096
f 1001/1001 1002/1002 1098/1098 1097/1097
f 1002/1002 1003/1003 1099/1099 1098/1098
f 1003/1003 1004/1004 1100/1100 1099/1099
f 1004/1004 1005/1005 1101/1101 1100/1100
f 1005/1005 1006/1006 1102/1102 1101/1101
f 1006/1006 1007/1007 1103/1103 1102/1102
f 1007/1007 1008/1008 1104/1104 1103/1103
f 1008/1008 1009/1009 1105/1105 1104/1104
f 1009/1009 1010/1010 1106/1106 1105/1105
f 1010/1010 1011/1011 1107/1107 1106/1106
f 1011/1011 1012/1012 1108/1108 1107/1107
f 1012/1012 1013/1013 1109/1109 1108/1108
f 1013/1013 1014/1014 1110/1110 1109/1109
f 1014/1014 1015/1015 1111/1111 1110/1110
f 1015/1015 1016/1016 1112/1112 1111/1111
f 1016/1016 1017/1017 1113/1113 1112/1112
f 1017/1017 1018/1018 1114/1114 1113/1113
f 1018/1018 1019/1019 1115/1115 1114/1114
f 1019/1019 1020/1020 1116/1116 1115/1115
f 1020/1020 1021/1021 1117/1117 1116/1116
f 1021/1021 1022/1022 1118/1118 1117/1117
f 1022/1022 1023/1023 1119/1119 1118/1118
f 1023/1023 1024/1024 1120/1120 1119/1119
f 1024/1024 1025/1025 1121/1121 1120/1120
f 1025/1025 1026/1026 1122/1122 1121/1121
f 1026/1026 1027/1027 1123/1123 1122/1122
f 1027/1027 1028/1028 1124/1124 1123/1123
f 1028/1028 1029/1029 1125/1125 1124/1124
f 1029/1029 1030/1030 1126/1126 1125/1125
f 1030/1030 1031/1031 1127/1127 1126/1126
f 1031/1031 1032/1032 1128/1128 1127/1127
f 1032/1032 1033/1033 1129/1129 1128/1128
f 1033/1033 1034/1034 1130/1130 1129/1129
f 1034/1034 1035/1035 1131/1131 1130/1130
f 1035/1035 1036/1036 1132/1132 1131/1131
f 1036/1036 1037/1037 1133/1133 1132/1132
f 1037/1037 1038/1038 1134/1134 1133/1133
f 1038/1038 1039/1039 1135/1135 1134/1134
f 1039/1039 1040/1040 1136/1136 1135/1135
f 1040/1040 1041/1041 1137/1137 1136/1136
f 1041/1041 1042/1042 1138/1138 1137/1137
f 1042/1042 1043/1043 1139/1139 1138/1138
f 1043/1043 1044/1044 1140/1140 1139/1139
f 1044/1044 1045/1045 1141/1141 1140/1140
f 1045/1045 1046/1046 1142/1142 1141/1141
f 1046/1046 1047/1047 1143/1143 1142/1142
f 1047/1047 1048/1048 1144/1144 1143/1143
f 1048/1048 1049/1049 1145/1145 1144/1144
f 1049/1049 1050/1050 1146/1146 1145/1145
f 1050/1050 1051/1051 1147/1147 1146/1146
f 1051/1051 1052/1052 1148/1148 1147/1147
f 1052/1052 1053/1053 1149/1149 1148/1148
f 1053/1053 1054/1054 1150/1150 1149/1149
f 1054/1054 1055/1055 1151/1151 1150/1150
f 1055/1055 1056/1056 1152/1152 1151/1151
f 1056/1056 961/961 1057/1057 1152/1152
f 1057/1057 1058/1058 1154/1154 1153/1153
f 1058/1058 1059/1059 1155/1155 1154/1154
f 1059/1059 1060/1060 1156/1156 1155/1155
f 1060/1060 1061/1061 1157/1157 1156/1156
f 1061/1061 1062/1062 1158/1158 1157/1157
f 1062/1062 1063/1063 1159/1159 1158/1158
f 1063/1063 1064/1064 1160/1160 1159/1159
f 1064/1064 1065/1065 1161/1161 1160/1160
f 1065/1065 1066/1066 1162/1162 1161/1161
f 1066/1066 1067/1067 1163/1163 1162/1162
f 1067/1067 1068/1068 1164/1164 1163/1163
f 1068/1068 1069/1069 1165/1165 1164/1164
f 1069/1069 1070/1070 1166/1166 1165/1165
f 1070/1070 1071/1071 1167/1167 1166/1166
f 1071/1071 1072/1072 1168/1168 1167/1167
f 1072/1072 1073/1073 1169/1169 1168/1168
f 1073/1073 1074/1074 1170/1170 1169/1169
f 1074/1074 1075/1075 1171/1171 1170/1170
f 1075/1075 1076/1076 1172/1172 1171/1171
f 1076/1076 1077/1077 1173/1173 1172/1172
f 1077/1077 1078/1078 1174/1174 1173/1173
f 1078/1078 1079/1079 1175/1175 1174/1174
f 1079/1079 1080/1080 1176/1176 1175/1175
f 1080/1080 1081/1081 1177/1177 1176/1176
f 1081/1081 1082/1082 1178/1178 1177/1177
f 1082/1082 1083/1083 1179/1179 1178/1178
f 1083/1083 1084/1084 1180/1180 1179/1179
f 1084/1084 1085/1085 1181/1181 1180/1180
f 1085/1085 1086/1086 1182/1182 1181/1181
f 1086/1086 1087/1087 1183/1183 1182/1182
f 1087/1087 1088/1088 1184/1184 1183/1183
f 1088/1088 1089/1089 1185/1185 1184/1184
f 1089/1089 1090/1090 1186/1186 1185/1185
f 1090/1090 1091/1091 1187/1187 1186/1186
f 1091/1091 1092/1092 1188/1188 1187/1187
f 1092/1092 1093/1093 1189/1189 1188/1188
f 1093/1093 1094/1094 1190/1190 1189/1189
f 1094/1094 1095/1095 1191/1191 1190/1190
f 1095/1095 1096/1096 1192/1192 1191/1191
f 1096/1096 1097/1097 1193/1193 1192/1192
f 1097/1097 1098/1098 1194/1194 1193/1193
f 1098/1098 1099/1099 1195/1195 1194/1194
f 1099/1099 1100/1100 1196/1196 1195/1195
f 1100/1100 1101/1101 1197/1197 1196/1196
f 1101/1101 1102/1102 1198/1198 1197/1197
f 1102/1102 1103/1103 1199/1199 1198/1198
f 1103/1103 1104/1104 1200/1200 1199/1199
f 1104/1104 1105/1105 1201/1201 1200/1200
f 1105/1105 1106/1106 1202/1202 1201/1201
f 1106/1106 1107/1107 1203/1203 1202/1202
f 1107/1107 1108/1108 1204/1204 1203/1203
f 1108/1108 1109/1109 1205/1205 1204/1204
f 1109/1109 1110/1110 1206/1206 1205/1205
f 1110/1110 1111/1111 1207/1207 1206/1206
f 1111/1111 1112/1112 1208/1208 1207/1207
f 1112/1112 1113/1113 1209/1209 1208/1208
f 1113/1113 1114/1114 1210/1210 1209/1209
f 1114/1114 1115/1115 1211/1211 1210/1210
f 1115/1115 1116/1116 1212/1212 1211/1211
f 1116/1116 1117/1117 1213/1213 1212/1212
f 1117/1117 1118/1118 1214/1214 1213/1213
f 1118/1118 1119/1119 1215/1215 1214/1214
f 1119/1119 1120/1120 1216/1216 1215/1215
f 1120/1120 1121/1121 1217/1217 1216/1216
f 1121/1121 1122/1122 1218/1218 1217/1217
f 1122/1122 1123/1123 1219/1219 1218/1218
f 1123/1123 1124/1124 1220/1220 1219/1219
f 1124/1124 1125/1125 1221/1221 1220/1220
f 1125/1125 1126/1126 1222/1222 1221/1221
f 1126/1126 1127/1127 1223/1223 1222/1222
f 1127/1127 1128/1128 1224/1224 1223/1223
f 1128/1128 1129/1129 1225/1225 1224/1224
f 1129/1129 1130/1130 1226/1226 1225/1225
f 1130/1130 1131/1131 1227/1227 1226/1226
f 1131/1131 1132/1132 1228/1228 1227/1227
f 1132/1132 1133/1133 1229/1229 1228/1228
f 1133/1133 1134/1134 1230/1230 1229/1229
f 1134/1134 1135/1135 1231/1231 1230/1230
f 1135/1135 1136/1136 1232/1232 1231/1231
f 1136/1136 1137/1137 1233/1233 1232/1232
f 1137/1137 1138/1138 1234/1234 1233/1233
f 1138/1138 1139/1139 1235/1235 1234/1234
f 1139/1139 1140/1140 1236/1236 1235/1235
f 1140/1140 1141/1141 1237/1237 1236/1236
f 1141/1141 1142/1142 1238/1238 1237/1237
f 1142/1142 1143/1143 1239/1239 1238/1238
f 1143/1143 1144/1144 1240/1240 1239/1239
f 1144/1144 1145/1145 1241/1241 1240/1240
f 1145/1145 1146/1146 1242/1242 1241/1241
f 1146/1146 1147/1147 1243/1243 1242/1242
f 1147/1147 1148/1148 1244/1244 1243/1243
f 1148/1148 1149/1149 1245/1245 1244/1244
f 1149/1149 1150/1150 1246/1246 1245/1245
f 1150/1150 1151/1151 1247/1247 1246/1246
f 1151/1151 1152/1152 1248/1248 1247/1247
f 1152/1152 1057/1057 1153/1153 1248/1248
f 1153/1153 1154/1154 1250/1250 1249/1249
f 1154/1154 1155/1155 1251/1251 1250/1250
f 1155/1155 1156/1156 1252/1252 1251/1251
f 1156/1156 1157/1157 1253/1253 1252/1252
f 1157/1157 1158/1158 1254/1254 1253/1253
f 1158/1158 1159/1159 1255/1255 1254/1254
f 1159/1159 1160/1160 1256/1256 1255/1255
f 1160/1160 1161/1161 1257/1257 1256/1256
f 1161/1161 1162/1162 1258/1258 1257/1257
f 1162/1162 1163/1163 1259/1259 1258/1258
f 1163/1163 1164/1164 1260/1260 1259/1259
f 1164/1164 1165/1165 1261/1261 1260/1260
f 1165/1165 1166/1166 1262/1262 1261/1261
f 1166/1166 1167/1167 1263/1263 1262/1262
f 1167/1167 1168/1168 1264/1264 1263/1263
f 1168/1168 1169/1169 1265/1265 1264/1264
f 1169/1169 1170/1170 1266/1266 1265/1265
f 1170/1170 1171/1171 1267/1267 1266/1266
f 1171/1171 1172/1172 1268/1268 1267/1267
f 1172/1172 1173/1173 1269/1269 1268/1268
f 1173/1173 1174/1174 1270/1270 1269/1269
f 1174/1174 1175/1175 1271/1271 1270/1270
f 1175/1175 1176/1176 1272/1272 1271/1271
f 1176/1176 1177/1177 1273/1273 1272/1272
f 1177/1177 1178/1178 1274/1274 1273/1273
f 1178/1178 1179/1179 1275/1275 1274/1274
f 1179/1179 1180/1180 1276/1276 1275/1275
f 1180/1180 1181/1181 1277/1277 1276/1276
f 1181/1181 1182/1182 1278/1278 1277/1277
f 1182/1182 1183/1183 1279/1279 1278/1278
f 1183/1183 1184/1184 1280/1280 1279/1279
f 1184/1184 1185/1185 1281/1281 1280/1280
f 1185/1185 1186/1186 1282/1282 1281/1281
f 1186/1186 1187/1187 1283/1283 1282/1282
f 1187/1187 1188/1188 1284/1284 1283/1283
f 1188/1188 1189/1189 1285/1285 1284/1284
f 1189/1189 1190/1190 1286/1286 1285/1285
f 1190/1190 1191/1191 1287/1287 1286/1286
f 1191/1191 1192/1192 1288/1288 1287/1287
f 1192/1192 1193/1193 1289/1289 1288/1288
f 1193/1193 1194/1194 1290/1290 1289/1289
f 1194/1194 1195/1195 1291/1291 1290/1290
f 1195/1195 1196/1196 1292/1292 1291/1291
f 1196/1196 1197/1197 1293/1293 1292/1292
f 1197/1197 1198/1198 1294/1294 1293/1293
f 1198/1198 1199/1199 1295/1295 1294/1294
f 1199/1199 1200/1200 1296/1296 1295/1295
f 1200/1200 1201/1201 1297/1297 1296/1296
f 1201/1201 1202/1202 1298/1298 1297/1297
f 1202/1202 1203/1203 1299/1299 1298/1298
f 1203/1203 1204/1204 1300/1300 1299/1299
f 1204/1204 1205/1205 1301/1301 1300/1300
f 1205/1205 1206/1206 1302/1302 1301/1301
f 1206/1206 1207/1207 1303/1303 1302/1302
f 1207/1207 1208/1208 1304/1304 1303/1303
f 1208/1208 1209/1209 1305/1305 1304/1304
f 1209/1209 1210/1210 1306/1306 1305/1305
f 1210/1210 1211/1211 1307/1307 1306/1306
f 1211/1211 1212/1212 1308/1308 1307/1307
f 1212/1212 1213/1213 1309/1309 1308/1308
f 1213/1213 1214/1214 1310/1310 1309/1309
f 1214/1214 1215/1215 1311/1311 1310/1310
f 1215/1215 1216/1216 1312/1312 1311/1311
f 1216/1216 1217/1217 1313/1313 1312/1312
f 1217/1217 1218/1218 1314/1314 1313/1313
f 1218/1218 1219/1219 1315/1315 1314/1314
f 1219/1219 1220/1220 1316/1316 1315/1315
f 1220/1220 1221/1221 1317/1317 1316/1316
f 1221/1221 1222/1222 1318/1318 1317/1317
f 1222/1222 1223/1223 1319/1319 1318/1318
f 1223/1223 1224/1224 1320/1320 1319/1319
f 1224/1224 1225/1225 1321/1321 1320/1320
f 1225/1225 1226/1226 1322/1322 1321/1321
f 1226/1226 1227/1227 1323/1323 1322/1322
f 1227/1227 1228/1228 1324/1324 1323/1323
f 1228/1228 1229/1229 1325/1325 1324/1324
f 1229/1229 1230/1230 1326/1326 1325/1325
f 1230/1230 1231/1231 1327/1327 1326/1326
f 1231/1231 1232/1232 1328/1328 1327/1327
f 1232/1232 1233/1233 1329/1329 1328/1328
f 1233/1233 1234/1234 1330/1330 1329/1329
f 1234/1234 1235/1235 1331/1331 1330/1330
f 1235/1235 1236/1236 1332/1332 1331/1331
f 1236/1236 1237/1237 1333/1333 1332/1332
f 1237/1237 1238/1238 1334/1334 1333/1333
f 1238/1238 1239/1239 1335/1335 1334/1334
f 1239/1239 1240/1240 1336/1336 1335/1335
f 1240/1240 1241/1241 1337/1337 1336/1336
f 1241/1241 1242/1242 1338/1338 1337/1337
f 1242/1242 1243/1243 1339/1339 1338/1338
f 1243/1243 1244/1244 1340/1340 1339/1339
f 1244/1244 1245/1245 1341/1341 1340/1340
f 1245/1245 1246/1246 1342/1342 1341/1341
f 1246/1246 1247/1247 1343/1343 1342/1342
f 1247/1247 1248/1248 1344/1344 1343/1343
f 1248/1248 1153/1153 1249/1249 1344/1344
f 1249/1249 1250/1250 1346/1346 1345/1345
f 1250/1250 1251/1251 1347/1347 1346/1346
f 1251/1251 1252/1252 1348/1348 1347/1347
f 1252/1252 1253/1253 1349/1349 1348/1348
f 1253/1253 1254/1254 1350/1350 1349/1349
f 1254/1254 1255/1255 1351/1351 1350/1350
f 1255/1255 1256/1256 1352/1352 1351/1351
f 1256/1256 1257/1257 1353/1353 1352/1352
f 1257/1257 1258/1258 1354/1354 1353/1353
f 1258/1258 1259/1259 1355/1355 1354/1354
f 1259/1259 1260/1260 1356/1356 1355/1355
f 1260/1260 1261/1261 1357/1357 1356/1356
f 1261/1261 1262/1262 1358/1358 1357/1357
f 1262/1262 1263/1263 1359/1359 1358/1358
f 1263/1263 1264/1264 1360/1360 1359/1359
f 1264/1264 1265/1265 1361/1361 1360/1360
f 1265/1265 1266/1266 1362/1362 1361/1361
f 1266/1266 1267/1267 1363/1363 1362/1362
f 1267/1267 1268/1268 1364/1364 1363/1363
f 1268/1268 1269/1269 1365/1365 1364/1364
f 1269/1269 1270/1270 1366/1366 1365/1365
f 1270/1270 1271/1271 1367/1367 1366/1366
f 1271/1271 1272/1272 1368/1368 1367/1367
f 1272/1272 1273/1273 1369/1369 1368/1368
f 1273/1273 1274/1274 1370/1370 1369/1369
f 1274/1274 1275/1275 1371/1371 1370/1370
f 1275/1275 1276/1276 1372/1372 1371/1371
f 1276/1276 1277/1277 1373/1373 1372/1372
f 1277/1277 1278/1278 1374/1374 1373/1373
f 1278/1278 1279/1279 1375/1375 1374/1374
f 1279/1279 1280/1280 1376/1376 1375/1375
f 1280/1280 1281/1281 1377/1377 1376/1376
f 1281/1281 1282/1282 1378/1378 1377/1377
f 1282/1282 1283/1283 1379/1379 1378/1378
f 1283/1283 1284/1284 1380/1380 1379/1379
f 1284/1284 1285/1285 1381/1381 1380/1380
f 1285/1285 1286/1286 1382/1382 1381/1381
f 1286/1286 1287/1287 1383/1383 1382/1382
f 1287/1287 1288/1288 1384/1384 1383/1383
f 1288/1288 1289/1289 1385/1385 1384/1384
f 1289/1289 1290/1290 1386/1386 1385/1385
f 1290/1290 1291/1291 1387/1387 1386/1386
f 1291/1291 1292/1292 1388/1388 1387/1387
f 1292/1292 1293/1293 1389/1389 1388/1388
f 1293/1293 1294/1294 1390/1390 1389/1389
f 1294/1294 1295/1295 1391/1391 1390/1390
f 1295/1295 1296/1296 1392/1392 1391/1391
f 1296/1296 1297/1297 1393/1393 1392/1392
f 1297/1297 1298/1298 1394/1394 1393/1393
f 1298/1298 1299/1299 1395/1395 1394/1394
f 1299/1299 1300/1300 1396/1396 1395/1395
f 1300/1300 1301/1301 1397/1397 1396/1396
f 1301/1301 1302/1302 1398/1398 1397/1397
f 1302/1302 1303/1303 1399/1399 1398/1398
f 1303/1303 1304/1304 1400/1400 1399/1399
f 1304/1304 1305/1305 1401/1401 1400/1400
f 1305/1305 1306/1306 1402/1402 1401/1401
f 1306/1306 1307/1307 1403/1403 1402/1402
f 1307/1307 1308/1308 1404/1404 1403/1403
f 1308/1308 1309/1309 1405/1405 1404/1404
f 1309/1309 1310/1310 1406/1406 1405/1405
f 1310/1310 1311/1311 1407/1407 1406/1406
f 1311/1311 1312/1312 1408/1408 1407/1407
f 1312/1312 1313/1313 1409/1409 1408/1408
f 1313/1313 1314/1314 1410/1410 1409/1409
f 1314/1314 1315/1315 1411/1411 1410/1410
f 1315/1315 1316/1316 1412/1412 1411/1411
f 1316/1316 1317/1317 1413/1413 1412/1412
f 1317/1317 1318/1318 1414/1414 1413/1413
f 1318/1318 1319/1319 1415/1415 1414/1414
f 1319/1319 1320/1320 1416/1416 1415/1415
f 1320/1320 1321/1321 1417/1417 1416/1416
f 1321/1321 1322/1322 1418/1418 1417/1417
f 1322/1322 1323/1323 1419/1419 1418/1418
f 1323/1323 1324/1324 1420/1420 1419/1419
f 1324/1324 1325/1325 1421/1421 1420/1420
f 1325/1325 1326/1326 1422/1422 1421/1421
f 1326/1326 1327/1327 1423/1423 1422/1422
f 1327/1327 1328/1328 1424/1424 1423/1423
f 1328/1328 1329/1329 1425/1425 1424/1424
f 1329/1329 1330/1330 1426/1426 1425/1425
f 1330/1330 1331/1331 1427/1427 1426/1426
f 1331/1331 1332/1332 1428/1428 1427/1427
f 1332/1332 1333/1333 1429/1429 1428/1428
f 1333/1333 1334/1334 1430/1430 1429/1429
f 1334/1334 1335/1335 1431/1431 1430/1430
f 1335/1335 1336/1336 1432/1432 1431/1431
f 1336/1336 1337/1337 1433/1433 1432/1432
f 1337/1337 1338/1338 1434/1434 1433/1433
f 1338/1338 1339/1339 1435/1435 1434/1434
f 1339/1339 1340/1340 1436/1436 1435/1435
f 1340/1340 1341/1341 1437/1437 1436/1436
f 1341/1341 1342/1342 1438/1438 1437/1437
f 1342/1342 1343/1343 1439/1439 1438/1438
f 1343/1343 1344/1344 1440/1440 1439/1439
f 1344/1344 1249/1249 1345/1345 1440/1440
f 1345/1345 1346/1346 1442/1442 1441/1441
f 1346/1346 1347/1347 1443/1443 1442/1442
f 1347/1347 1348/1348 1444/1444 1443/1443
f 1348/1348 1349/1349 1445/1445 1444/1444
f 1349/1349 1350/1350 1446/1446 1445/1445
f 1350/1350 1351/1351 1447/1447 1446/1446
f 1351/1351 1352/1352 1448/1448 1447/1447
f 1352/1352 1353/1353 1449/1449 1448/1448
f 1353/1353 1354/1354 1450/1450 1449/1449
f 1354/1354 1355/1355 1451/1451 1450/1450
f 1355/1355 1356/1356 1452/1452 1451/1451
f 1356/1356 1357/1357 1453/1453 1452/1452
f 1357/1357 1358/1358 1454/1454 1453/1453
f 1358/1358 1359/1359 1455/1455 1454/1454
f 1359/1359 1360/1360 1456/1456 1455/1455
f 1360/1360 1361/1361 1457/1457 1456/1456
f 1361/1361 1362/1362 1458/1458 1457/1457
f 1362/1362 1363/1363 1459/1459 1458/1458
f 1363/1363 1364/1364 1460/1460 1459/1459
f 1364/1364 1365/1365 1461/1461 1460/1460
f 1365/1365 1366/1366 1462/1462 1461/1461
f 1366/1366 1367/1367 1463/1463 1462/1462
f 1367/1367 1368/1368 1464/1464 1463/1463
f 1368/1368 1369/1369 1465/1465 1464/1464
f 1369/1369 1370/1370 1466/1466 1465/1465
f 1370/1370 1371/1371 1467/1467 1466/1466
f 1371/1371 1372/1372 1468/1468 1467/1467
f 1372/1372 1373/1373 1469/1469 1468/1468
f 1373/1373 1374/1374 1470/1470 1469/1469
f 1374/1374 1375/1375 1471/1471 1470/1470
f 1375/1375 1376/1376 1472/1472 1471/1471
f 1376/1376 1377/1377 1473/1473 1472/1472
f 1377/1377 1378/1378 1474/1474 1473/1473
f 1378/1378 1379/1379 1475/1475 1474/1474
f 1379/1379 1380/1380 1476/1476 1475/1475
f 1380/1380 1381/1381 1477/1477 1476/1476
f 1381/1381 1382/1382 1478/1478 1477/1477
f 1382/1382 1383/1383 1479/1479 1478/1478
f 1383/1383 1384/1384 1480/1480 1479/1479
f 1384/1384 1385/1385 1481/1481 1480/1480
f 1385/1385 1386/1386 1482/1482 1481/1481
f 1386/1386 1387/1387 1483/1483 1482/1482
f 1387/1387 1388/1388 1484/1484 1483/1483
f 1388/1388 1389/1389 1485/1485 1484/1484
f 1389/1389 1390/1390 1486/1486 1485/1485
f 1390/1390 1391/1391 1487/1487 1486/1486
f 1391/1391 1392/1392 1488/1488 1487/1487
f 1392/1392 1393/1393 1489/1489 1488/1488
f 1393/1393 1394/1394 1490/1490 1489/1489
f 1394/1394 1395/1395 1491/1491 1490/1490
f 1395/1395 1396/1396 1492/1492 1491/1491
f 1396/1396 1397/1397 1493/1493 1492/1492
f 1397/1397 1398/1398 1494/1494 1493/1493
f 1398/1398 1399/1399 1495/1495 1494/1494
f 1399/1399 1400/1400 1496/1496 1495/1495
f 1400/1400 1401/1401 1497/1497 1496/1496
f 1401/1401 1402/1402 1498/1498 1497/1497
f 1402/1402 1403/1403 1499/1499 1498/1498
f 1403/1403 1404/1404 1500/1500 1499/1499
f 1404/1404 1405/1405 1501/1501 1500/1500
f 1405/1405 1406/1406 1502/1502 1501/1501
f 1406/1406 1407/1407 1503/1503 1502/1502
f 1407/1407 1408/1408 1504/1504 1503/1503
f 1408/1408 1409/1409 1505/1505 1504/1504
f 1409/1409 1410/1410 1506/1506 1505/1505
f 1410/1410 1411/1411 1507/1507 1506/1506
f 1411/1411 1412/1412 1508/1508 1507/1507
f 1412/1412 1413/1413 1509/1509 1508/1508
f 1413/1413 1414/1414 1510/1510 1509/1509
f 1414/1414 1415/1415 1511/1511 1510/1510
f 1415/1415 1416/1416 1512/1512 1511/1511
f 1416/1416 1417/1417 1513/1513 1512/1512
f 1417/1417 1418/1418 1514/1514 1513/1513
f 1418/1418 1419/1419 1515/1515 1514/1514
f 1419/1419 1420/1420 1516/1516 1515/1515
f 1420/1420 1421/1421 1517/1517 1516/1516
f 1421/1421 1422/1422 1518/1518 1517/1517
f 1422/1422 1423/1423 1519/1519 1518/1518
f 1423/1423 1424/1424 1520/1520 1519/1519
f 1424/1424 1425/1425 1521/1521 1520/1520
f 1425/1425 1426/1426 1522/1522 1521/1521
f 1426/1426 1427/1427 1523/1523 1522/1522
f 1427/1427 1428/1428 1524/1524 1523/1523
f 1428/1428 1429/1429 1525/1525 1524/1524
f 1429/1429 1430/1430 1526/1526 1525/1525
f 1430/1430 1431/1431 1527/1527 1526/1526
f 1431/1431 1432/1432 1528/1528 1527/1527
f 1432/1432 1433/1433 1529/1529 1528/1528
f 1433/1433 1434/1434 1530/1530 1529/1529
f 1434/1434 1435/1435 1531/1531 1530/1530
f 1435/1435 1436/1436 1532/1532 1531/1531
f 1436/1436 1437/1437 1533/1533 1532/1532
f 1437/1437 1438/1438 1534/1534 1533/1533
f 1438/1438 1439/1439 1535/1535 1534/1534
f 1439/1439 1440/1440 1536/1536 1535/1535
f 1440/1440 1345/1345 1441/1441 1536/1536
f 1441/1441 1442/1442 1538/1538 1537/1537
f 1442/1442 1443/1443 1539/1539 1538/1538
f 1443/1443 1444/1444 1540/1540 1539/1539
f 1444/1444 1445/1445 1541/1541 1540/1540
f 1445/1445 1446/1446 1542/1542 1541/1541
f 1446/1446 1447/1447 1543/1543 1542/1542
f 1447/1447 1448/1448 1544/1544 1543/1543
f 1448/1448 1449/1449 1545/1545 1544/1544
f 1449/1449 1450/1450 1546/1546 1545/1545
f 1450/1450 1451/1451 1547/1547 1546/1546
f 1451/1451 1452/1452 1548/1548 1547/1547
f 1452/1452 1453/1453 1549/1549 1548/1548
f 1453/1453 1454/1454 1550/1550 1549/1549
f 1454/1454 1455/1455 1551/1551 1550/1550
f 1455/1455 1456/1456 1552/1552 1551/1551
f 1456/1456 1457/1457 1553/1553 1552/1552
f 1457/1457 1458/1458 1554/1554 1553/1553
f 1458/1458 1459/1459 1555/1555 1554/1554
f 1459/1459 1460/1460 1556/1556 1555/1555
f 1460/1460 1461/1461 1557/1557 1556/1556
f 1461/1461 1462/1462 1558/1558 1557/1557
f 1462/1462 1463/1463 1559/1559 1558/1558
f 1463/1463 1464/1464 1560/1560 1559/1559
f 1464/1464 1465/1465 1561/1561 1560/1560
f 1465/1465 1466/1466 1562/1562 1561/1561
f 1466/1466 1467/1467 1563/1563 1562/1562
f 1467/1467 1468/1468 1564/1564 1563/1563
f 1468/1468 1469/1469 1565/1565 1564/1564
f 1469/1469 1470/1470 1566/1566 1565/1565
f 1470/1470 1471/1471 1567/1567 1566/1566
f 1471/1471 1472/1472 1568/1568 1567/1567
f 1472/1472 1473/1473 1569/1569 1568/1568
f 1473/1473 1474/1474 1570/1570 1569/1569
f 1474/1474 1475/1475 1571/1571 1570/1570
f 1475/1475 1476/1476 1572/1572 1571/1571
f 1476/1476 1477/1477 1573/1573 1572/1572
f 1477/1477 1478/1478 1574/1574 1573/1573
f 1478/1478 1479/1479 1575/1575 1574/1574
f 1479/1479 1480/1480 1576/1576 1575/1575
f 1480/1480 1481/1481 1577/1577 1576/1576
f 1481/1481 1482/1482 1578/1578 1577/1577
f 1482/1482 1483/1483 1579/1579 1578/1578
f 1483/1483 1484/1484 1580/1580 1579/1579
f 1484/1484 1485/1485 1581/1581 1580/1580
f 1485/1485 1486/1486 1582/1582 1581/1581
f 1486/1486 1487/1487 1583/1583 1582/1582
f 1487/1487 1488/1488 1584/1584 1583/1583
f 1488/1488 1489/1489 1585/1585 1584/1584
f 1489/1489 1490/1490 1586/1586 1585/1585
f 1490/1490 1491/1491 1587/1587 1586/1586
f 1491/1491 1492/1492 1588/1588 1587/1587
f 1492/1492 1493/1493 1589/1589 1588/1588
f 1493/1493 1494/1494 1590/1590 1589/1589
f 1494/1494 1495/1495 1591/1591 1590/1590
f 1495/1495 1496/1496 1592/1592 1591/1591
f 1496/1496 1497/1497 1593/1593 1592/1592
f 1497/1497 1498/1498 1594/1594 1593/1593
f 1498/1498 1499/1499 1595/1595 1594/1594
f 1499/1499 1500/1500 1596/1596 1595/1595
f 1500/1500 1501/1501 1597/1597 1596/1596
f 1501/1501 1502/1502 1598/1598 1597/1597
f 1502/1502 1503/1503 1599/1599 1598/1598
f 1503/1503 1504/1504 1600/1600 1599/1599
f 1504/1504 1505/1505 1601/1601 1600/1600
f 1505/1505 1506/1506 1602/1602 1601/1601
f 1506/1506 1507/1507 1603/1603 1602/1602
f 1507/1507 1508/1508 1604/1604 1603/1603
f 1508/1508 1509/1509 1605/1605 1604/1604
f 1509/1509 1510/1510 1606/1606 1605/1605
f 1510/1510 1511/1511 1607/1607 1606/1606
f 1511/1511 1512/1512 1608/1608 1607/1607
f 1512/1512 1513/1513 1609/1609 1608/1608
f 1513/1513 1514/1514 1610/1610 1609/1609
f 1514/1514 1515/1515 1611/1611 1610/1610
f 1515/1515 1516/1516 1612/1612 1611/1611
f 1516/1516 1517/1517 1613/1613 1612/1612
f 1517/1517 1518/1518 1614/1614 1613/1613
f 1518/1518 1519/1519 1615/1615 1614/1614
f 1519/1519 1520/1520 1616/1616 1615/1615
f 1520/1520 1521/1521 1617/1617 1616/1616
f 1521/1521 1522/1522 1618/1618 1617/1617
f 1522/1522 1523/1523 1619/1619 1618/1618
f 1523/1523 1524/1524 1620/1620 1619/1619
f 1524/1524 1525/1525 1621/1621 1620/1620
f 1525/1525 1526/1526 1622/1622 1621/1621
f 1526/1526 1527/1527 1623/1623 1622/1622
f 1527/1527 1528/1528 1624/1624 1623/1623
f 1528/1528 1529/1529 1625/1625 1624/1624
f 1529/1529 1530/1530 1626/1626 1625/1625
f 1530/1530 1531/1531 1627/1627 1626/1626
f 1531/1531 1532/1532 1628/1628 1627/1627
f 1532/1532 1533/1533 1629/1629 1628/1628
f 1533/1533 1534/1534 1630/1630 1629/1629
f 1534/1534 1535/1535 1631/1631 1630/1630
f 1535/1535 1536/1536 1632/1632 1631/1631
f 1536/1536 1441/1441 1537/1537 1632/1632
f 1537/1537 1538/1538 1634/1634 1633/1633
f 1538/1538 1539/1539 1635/1635 1634/1634
f 1539/1539 1540/1540 1636/1636 1635/1635
f 1540/1540 1541/1541 1637/1637 1636/1636
f 1541/1541 1542/1542 1638/1638 1637/1637
f 1542/1542 1543/1543 1639/1639 1638/1638
f 1543/1543 1544/1544 1640/1640 1639/1639
f 1544/1544 1545/1545 1641/1641 1640/1640
f 1545/1545 1546/1546 1642/1642 1641/1641
f 1546/1546 1547/1547 1643/1643 1642/1642
f 1547/1547 1548/1548 1644/1644 1643/1643
f 1548/1548 1549/1549 1645/1645 1644/1644
f 1549/1549 1550/1550 1646/1646 1645/1645
f 1550/1550 1551/1551 1647/1647 1646/1646
f 1551/1551 1552/1552 1648/1648 1647/1647
f 1552/1552 1553/1553 1649/1649 1648/1648
f 1553/1553 1554/1554 1650/1650 1649/1649
f 1554/1554 1555/1555 1651/1651 1650/1650
f 1555/1555 1556/1556 1652/1652 1651/1651
f 1556/1556 1557/1557 1653/1653 1652/1652
f 1557/1557 1558/1558 1654/1654 1653/1653
f 1558/1558 1559/1559 1655/1655 1654/1654
f 1559/1559 1560/1560 1656/1656 1655/1655
f 1560/1560 1561/1561 1657/1657 1656/1656
f 1561/1561 1562/1562 1658/1658 1657/1657
f 1562/1562 1563/1563 1659/1659 1658/1658
f 1563/1563 1564/1564 1660/1660 1659/1659
f 1564/1564 1565/1565 1661/1661 1660/1660
f 1565/1565 1566/1566 1662/1662 1661/1661
f 1566/1566 1567/1567 1663/1663 1662/1662
f 1567/1567 1568/1568 1664/1664 1663/1663
f 1568/1568 1569/1569 1665/1665 1664/1664
f 1569/1569 1570/1570 1666/1666 1665/1665
f 1570/1570 1571/1571 1667/1667 1666/1666
f 1571/1571 1572/1572 1668/1668 1667/1667
f 1572/1572 1573/1573 1669/1669 1668/1668
f 1573/1573 1574/1574 1670/1670 1669/1669
f 1574/1574 1575/1575 1671/1671 1670/1670
f 1575/1575 1576/1576 1672/1672 1671/1671
f 1576/1576 1577/1577 1673/1673 1672/1672
f 1577/1577 1578/1578 1674/1674 1673/1673
f 1578/1578 1579/1579 1675/1675 1674/1674
f 1579/1579 1580/1580 1676/1676 1675/1675
f 1580/1580 1581/1581 1677/1677 1676/1676
f 1581/1581 1582/1582 1678/1678 1677/1677
f 1582/1582 1583/1583 1679/1679 1678/1678
f 1583/1583 1584/1584 1680/1680 1679/1679
f 1584/1584 1585/1585 1681/1681 1680/1680
f 1585/1585 1586/1586 1682/1682 1681/1681
f 1586/1586 1587/1587 1683/1683 1682/1682
f 1587/1587 1588/1588 1684/1684 1683/1683
f 1588/1588 1589/1589 1685/1685 1684/1684
f 1589/1589 1590/1590 1686/1686 1685/1685
f 1590/1590 1591/1591 1687/1687 1686/1686
f 1591/1591 1592/1592 1688/1688 1687/1687
f 1592/1592 1593/1593 1689/1689 1688/1688
f 1593/1593 1594/1594 1690/1690 1689/1689
f 1594/1594 1595/1595 1691/1691 1690/1690
f 1595/1595 1596/1596 1692/1692 1691/1691
f 1596/1596 1597/1597 1693/1693 1692/1692
f 1597/1597 1598/1598 1694/1694 1693/1693
f 1598/1598 1599/1599 1695/1695 1694/1694
f 1599/1599 1600/1600 1696/1696 1695/1695
f 1600/1600 1601/1601 1697/1697 1696/1696
f 1601/1601 1602/1602 1698/1698 1697/1697
f 1602/1602 1603/1603 1699/1699 1698/1698
f 1603/1603 1604/1604 1700/1700 1699/1699
f 1604/1604 1605/1605 1701/1701 1700/1700
f 1605/1605 1606/1606 1702/1702 1701/1701
f 1606/1606 1607/1607 1703/1703 1702/1702
f 1607/1607 1608/1608 1704/1704 1703/1703
f 1608/1608 1609/1609 1705/1705 1704/1704
f 1609/1609 1610/1610 1706/1706 1705/1705
f 1610/1610 1611/1611 1707/1707 1706/1706
f 1611/1611 1612/1612 1708/1708 1707/1707
f 1612/1612 1613/1613 1709/1709 1708/1708
f 1613/1613 1614/1614 1710/1710 1709/1709
f 1614/1614 1615/1615 1711/1711 1710/1710
f 1615/1615 1616/1616 1712/1712 1711/1711
f 1616/1616 1617/1617 1713/1713 1712/1712
f 1617/1617 1618/1618 1714/1714 1713/1713
f 1618/1618 1619/1619 1715/1715 1714/1714
f 1619/1619 1620/1620 1716/1716 1715/1715
f 1620/1620 1621/1621 1717/1717 1716/1716
f 1621/1621 1622/1622 1718/1718 1717/1717
f 1622/1622 1623/1623 1719/1719 1718/1718
f 1623/1623 1624/1624 1720/1720 1719/1719
f 1624/1624 1625/1625 1721/1721 1720/1720
f 1625/1625 1626/1626 1722/1722 1721/1721
f 1626/1626 1627/1627 1723/1723 1722/1722
f 1627/1627 1628/1628 1724/1724 1723/1723
f 1628/1628 1629/1629 1725/1725 1724/1724
f 1629/1629 1630/1630 1726/1726 1725/1725
f 1630/1630 1631/1631 1727/1727 1726/1726
f 1631/1631 1632/1632 1728/1728 1727/1727
f 1632/1632 1537/1537 1633/1633 1728/1728
f 1633/1633 1634/1634 1730/1730 1729/1729
f 1634/1634 1635/1635 1731/1731 1730/1730
f 1635/1635 1636/1636 1732/1732 1731/1731
f 1636/1636 1637/1637 1733/1733 1732/1732
f 1637/1637 1638/1638 1734/1734 1733/1733
f 1638/1638 1639/1639 1735/1735 1734/1734
f 1639/1639 1640/1640 1736/1736 1735/1735
f 1640/1640 1641/1641 1737/1737 1736/1736
f 1641/1641 1642/1642 1738/1738 1737/1737
f 1642/1642 1643/1643 1739/1739 1738/1738
f 1643/1643 1644/1644 1740/1740 1739/1739
f 1644/1644 1645/1645 1741/1741 1740/1740
f 1645/1645 1646/1646 1742/1742 1741/1741
f 1646/1646 1647/1647 1743/1743 1742/1742
f 1647/1647 1648/1648 1744/1744 1743/1743
f 1648/1648 1649/1649 1745/1745 1744/1744
f 1649/1649 1650/1650 1746/1746 1745/1745
f 1650/1650 1651/1651 1747/1747 1746/1746
f 1651/1651 1652/1652 1748/1748 1747/1747
f 1652/1652 1653/1653 1749/1749 1748/1748
f 1653/1653 1654/1654 1750/1750 1749/1749
f 1654/1654 1655/1655 1751/1751 1750/1750
f 1655/1655 1656/1656 1752/1752 1751/1751
f 1656/1656 1657/1657 1753/1753 1752/1752
f 1657/1657 1658/1658 1754/1754 1753/1753
f 1658/1658 1659/1659 1755/1755 1754/1754
f 1659/1659 1660/1660 1756/1756 1755/1755
f 1660/1660 1661/1661 1757/1757 1756/1756
f 1661/1661 1662/1662 1758/1758 1757/1757
f 1662/1662 1663/1663 1759/1759 1758/1758
f 1663/1663 1664/1664 1760/1760 1759/1759
f 1664/1664 1665/1665 1761/1761 1760/1760
f 1665/1665 1666/1666 1762/1762 1761/1761
f 1666/1666 1667/1667 1763/1763 1762/1762
f 1667/1667 1668/1668 1764/1764 1763/1763
f 1668/1668 1669/1669 1765/1765 1764/1764
f 1669/1669 1670/1670 1766/1766 1765/1765
f 1670/1670 1671/1671 1767/1767 1766/1766
f 1671/1671 1672/1672 1768/1768 1767/1767
f 1672/1672 1673/1673 1769/1769 1768/1768
f 1673/1673 1674/1674 1770/1770 1769/1769
f 1674/1674 1675/1675 1771/1771 1770/1770
f 1675/1675 1676/1676 1772/1772 1771/1771
f 1676/1676 1677/1677 1773/1773 1772/1772
f 1677/1677 1678/1678 1774/1774 1773/1773
f 1678/1678 1679/1679 1775/1775 1774/1774
f 1679/1679 1680/1680 1776/1776 1775/1775
f 1680/1680 1681/1681 1777/1777 1776/1776
f 1681/1681 1682/1682 1778/1778 1777/1777
f 1682/1682 1683/1683 1779/1779 1778/1778
f 1683/1683 1684/1684 1780/1780 1779/1779
f 1684/1684 1685/1685 1781/1781 1780/1780
f 1685/1685 1686/1686 1782/1782 1781/1781
f 1686/1686 1687/1687 1783/1783 1782/1782
f 1687/1687 1688/1688 1784/1784 1783/1783
f 1688/1688 1689/1689 1785/1785 1784/1784
f 1689/1689 1690/1690 1786/1786 1785/1785
f 1690/1690 1691/1691 1787/1787 1786/1786
f 1691/1691 1692/1692 1788/1788 1787/1787
f 1692/1692 1693/1693 1789/1789 1788/1788
f 1693/1693 1694/1694 1790/1790 1789/1789
f 1694/1694 1695/1695 1791/1791 1790/1790
f 1695/1695 1696/1696 1792/1792 1791/1791
f 1696/1696 1697/1697 1793/1793 1792/1792
f 1697/1697 1698/1698 1794/1794 1793/1793
f 1698/1698 1699/1699 1795/1795 1794/1794
f 1699/1699 1700/1700 1796/1796 1795/1795
f 1700/1700 1701/1701 1797/1797 1796/1796
f 1701/1701 1702/1702 1798/1798 1797/1797
f 1702/1702 1703/1703 1799/1799 1798/1798
f 1703/1703 1704/1704 1800/1800 1799/1799
f 1704/1704 1705/1705 1801/1801 1800/1800
f 1705/1705 1706/1706 1802/1802 1801/1801
f 1706/1706 1707/1707 1803/1803 1802/1802
f 1707/1707 1708/1708 1804/1804 1803/1803
f 1708/1708 1709/1709 1805/1805 1804/1804
f 1709/1709 1710/1710 1806/1806 1805/1805
f 1710/1710 1711/1711 1807/1807 1806/1806
f 1711/1711 1712/1712 1808/1808 1807/1807
f 1712/1712 1713/1713 1809/1809 1808/1808
f 1713/1713 1714/1714 1810/1810 1809/1809
f 1714/1714 1715/1715 1811/1811 1810/1810
f 1715/1715 1716/1716 1812/1812 1811/1811
f 1716/1716 1717/1717 1813/1813 1812/1812
f 1717/1717 1718/1718 1814/1814 1813/1813
f 1718/1718 1719/1719 1815/1815 1814/1814
f 1719/1719 1720/1720 1816/1816 1815/1815
f 1720/1720 1721/1721 1817/1817 1816/1816
f 1721/1721 1722/1722 1818/1818 1817/1817
f 1722/1722 1723/1723 1819/1819 1818/1818
f 1723/1723 1724/1724 1820/1820 1819/1819
f 1724/1724 1725/1725 1821/1821 1820/1820
f 1725/1725 1726/1726 1822/1822 1821/1821
f 1726/1726 1727/1727 1823/1823 1822/1822
f 1727/1727 1728/1728 1824/1824 1823/1823
f 1728/1728 1633/1633 1729/1729 1824/1824
f 1825/1825 2/2 1/1
f 1825/1825 3/3 2/2
f 1825/1825 4/4 3/3
f 1825/1825 5/5 4/4
f 1825/1825 6/6 5/5
f 1825/1825 7/7 6/6
f 1825/1825 8/8 7/7
f 1825/1825 9/9 8/8
f 1825/1825 10/10 9/9
f 1825/1825 11/11 10/10
f 1825/1825 12/12 11/11
f 1825/1825 13/13 12/12
f 1825/1825 14/14 13/13
f 1825/1825 15/15 14/14
f 1825/1825 16/16 15/15
f 1825/1825 17/17 16/16
f 1825/1825 18/18 17/17
f 1825/1825 19/19 18/18
f 1825/1825 20/20 19/19
f 1825/1825 21/21 20/20
f 1825/1825 22/22 21/21
f 1825/1825 23/23 22/22
f 1825/1825 24/24 23/23
f 1825/1825 25/25 24/24
f 1825/1825 26/26 25/25
f 1825/1825 27/27 26/26
f 1825/1825 28/28 27/27
f 1825/1825 29/29 28/28
f 1825/1825 30/30 29/29
f 1825/1825 31/31 30/30
f 1825/1825 32/32 31/31
f 1825/1825 33/33 32/32
f 1825/1825 34/34 33/33
f 1825/1825 35/35 34/34
f 1825/1825 36/36 35/35
f 1825/1825 37/37 36/36
f 1825/1825 38/38 37/37
f 1825/1825 39/39 38/38
f 1825/1825 40/40 39/39
f 1825/1825 41/41 40/40
f 1825/1825 42/42 41/41
f 1825/1825 43/43 42/42
f 1825/1825 44/44 43/43
f 1825/1825 45/45 44/44
f 1825/1825 46/46 45/45
f 1825/1825 47/47 46/46
f 1825/1825 48/48 47/47
f 1825/1825 49/49 48/48
f 1825/1825 50/50 49/49
f 1825/1825 51/51 50/50
f 1825/1825 52/52 51/51
f 1825/1825 53/53 52/52
f 1825/1825 54/54 53/53
f 1825/1825 55/55 54/54
f 1825/1825 56/56 55/55
f 1825/1825 57/57 56/56
f 1825/1825 58/58 57/57
f 1825/1825 59/59 58/58
f 1825/1825 60/60 59/59
f 1825/1825 61/61 60/60
f 1825/1825 62/62 61/61
f 1825/1825 63/63 62/62
f 1825/1825 64/64 63/63
f 1825/1825 65/65 64/64
f 1825/1825 66/66 65/65
f 1825/1825 67/67 66/66
f 1825/1825 68/68 67/67
f 1825/1825 69/69 68/68
f 1825/1825 70/70 69/69
f 1825/1825 71/71 70/70
f 1825/1825 72/72 71/71
f 1825/1825 73/73 72/72
f 1825/1825 74/74 73/73
f 1825/1825 75/75 74/74
f 1825/1825 76/76 75/75
f 1825/1825 77/77 76/76
f 1825/1825 78/78 77/77
f 1825/1825 79/79 78/78
f 1825/1825 80/80 79/79
f 1825/1825 81/81 80/80
f 1825/1825 82/82 81/81
f 1825/1825 83/83 82/82
f 1825/1825 84/84 83/83
f 1825/1825 85/85 84/84
f 1825/1825 86/86 85/85
f 1825/1825 87/87 86/86
f 1825/1825 88/88 87/87
f 1825/1825 89/89 88/88
f 1825/1825 90/90 89/89
f 1825/1825 91/91 90/90
f 1825/1825 92/92 91/91
f 1825/1825 93/93 92/92
f 1825/1825 94/94 93/93
f 1825/1825 95/95 94/94
f 1825/1825 96/96 95/95
f 1825/1825 1/1 96/96
usemtl Cap
f 1826/1826 1827/1827 1923/1923 1922/1922
f 1827/1827 1828/1828 1924/1924 1923/1923
f 1828/1828 1829/1829 1925/1925 1924/1924
f 1829/1829 1830/1830 1926/1926 1925/1925
f 1830/1830 1831/1831 1927/1927 1926/1926
f 1831/1831 1832/1832 1928/1928 1927/1927
f 1832/1832 1833/1833 1929/1929 1928/1928
f 1833/1833 1834/1834 1930/1930 1929/1929
f 1834/1834 1835/1835 1931/1931 1930/1930
f 1835/1835 1836/1836 1932/1932 1931/1931
f 1836/1836 1837/1837 1933/1933 1932/1932
f 1837/1837 1838/1838 1934/1934 1933/1933
f 1838/1838 1839/1839 1935/1935 1934/1934
f 1839/1839 1840/1840 1936/1936 1935/1935
f 1840/1840 1841/1841 1937/1937 1936/1936
f 1841/1841 1842/1842 1938/1938 1937/1937
f 1842/1842 1843/1843 1939/1939 1938/1938
f 1843/1843 1844/1844 1940/1940 1939/1939
f 1844/1844 1845/1845 1941/1941 1940/1940
f 1845/1845 1846/1846 1942/1942 1941/1941
f 1846/1846 1847/1847 1943/1943 1942/1942
f 1847/1847 1848/1848 1944/1944 1943/1943
f 1848/1848 1849/1849 1945/1945 1944/1944
f 1849/1849 1850/1850 1946/1946 1945/1945
f 1850/1850 1851/1851 1947/1947 1946/1946
f 1851/1851 1852/1852 1948/1948 1947/1947
f 1852/1852 1853/1853 1949/1949 1948/1948
f 1853/1853 1854/1854 1950/1950 1949/1949
f 1854/1854 1855/1855 1951/1951 1950/1950
f 1855/1855 1856/1856 1952/1952 1951/1951
f 1856/1856 1857/1857 1953/1953 1952/1952
f 1857/1857 1858/1858 1954/1954 1953/1953
f 1858/1858 1859/1859 1955/1955 1954/1954
f 1859/1859 1860/1860 1956/1956 1955/1955
f 1860/1860 1861/1861 1957/1957 1956/1956
f 1861/1861 1862/1862 1958/1958 1957/1957
f 1862/1862 1863/1863 1959/1959 1958/1958
f 1863/1863 1864/1864 1960/1960 1959/1959
f 1864/1864 1865/1865 1961/1961 1960/1960
f 1865/1865 1866/1866 1962/1962 1961/1961
f 1866/1866 1867/1867 1963/1963 1962/1962
f 1867/1867 1868/1868 1964/1964 1963/1963
f 1868/1868 1869/1869 1965/1965 1964/1964
f 1869/1869 1870/1870 1966/1966 1965/1965
f 1870/1870 1871/1871 1967/1967 1966/1966
f 1871/1871 1872/1872 1968/1968 1967/1967
f 1872/1872 1873/1873 1969/1969 1968/1968
f 1873/1873 1874/1874 1970/1970 1969/1969
f 1874/1874 1875/1875 1971/1971 1970/1970
f 1875/1875 1876/1876 1972/1972 1971/1971
f 1876/1876 1877/1877 1973/1973 1972/1972
f 1877/1877 1878/1878 1974/1974 1973/1973
f 1878/1878 1879/1879 1975/1975 1974/1974
f 1879/1879 1880/1880 1976/1976 1975/1975
f 1880/1880 1881/1881 1977/1977 1976/1976
f 1881/1881 1882/1882 1978/1978 1977/1977
f 1882/1882 1883/1883 1979/1979 1978/1978
f 1883/1883 1884/1884 1980/1980 1979/1979
f 1884/1884 1885/1885 1981/1981 1980/1980
f 1885/1885 1886/1886 1982/1982 1981/1981
f 1886/1886 1887/1887 1983/1983 1982/1982
f 1887/1887 1888/1888 1984/1984 1983/1983
f 1888/1888 1889/1889 1985/1985 1984/1984
f 1889/1889 1890/1890 1986/1986 1985/1985
f 1890/1890 1891/1891 1987/1987 1986/1986
f 1891/1891 1892/1892 1988/1988 1987/1987
f 1892/1892 1893/1893 1989/1989 1988/1988
f 1893/1893 1894/1894 1990/1990 1989/1989
f 1894/1894 1895/1895 1991/1991 1990/1990
f 1895/1895 1896/1896 1992/1992 1991/1991
f 1896/1896 1897/1897 1993/1993 1992/1992
f 1897/1897 1898/1898 1994/1994 1993/1993
f 1898/1898 1899/1899 1995/1995 1994/1994
f 1899/1899 1900/1900 1996/1996 1995/1995
f 1900/1900 1901/1901 1997/1997 1996/1996
f 1901/1901 1902/1902 1998/1998 1997/1997
f 1902/1902 1903/1903 1999/1999 1998/1998
f 1903/1903 1904/1904 2000/2000 1999/1999
f 1904/1904 1905/1905 2001/2001 2000/2000
f 1905/1905 1906/1906 2002/2002 2001/2001
f 1906/1906 1907/1907 2003/2003 2002/2002
f 1907/1907 1908/1908 2004/2004 2003/2003
f 1908/1908 1909/1909 2005/2005 2004/2004
f 1909/1909 1910/1910 2006/2006 2005/2005
f 1910/1910 1911/1911 2007/2007 2006/2006
f 1911/1911 1912/1912 2008/2008 2007/2007
f 1912/1912 1913/1913 2009/2009 2008/2008
f 1913/1913 1914/1914 2010/2010 2009/2009
f 1914/1914 1915/1915 2011/2011 2010/2010
f 1915/1915 1916/1916 2012/2012 2011/2011
f 1916/1916 1917/1917 2013/2013 2012/2012
f 1917/1917 1918/1918 2014/2014 2013/2013
f 1918/1918 1919/1919 2015/2015 2014/2014
f 1919/1919 1920/1920 2016/2016 2015/2015
f 1920/1920 1921/1921 2017/2017 2016/2016
f 1921/1921 1826/1826 1922/1922 2017/2017
f 1922/1922 1923/1923 2019/2019 2018/2018
f 1923/1923 1924/1924 2020/2020 2019/2019
f 1924/1924 1925/1925 2021/2021 2020/2020
f 1925/1925 1926/1926 2022/2022 2021/2021
f 1926/1926 1927/1927 2023/2023 2022/2022
f 1927/1927 1928/1928 2024/2024 2023/2023
f 1928/1928 1929/1929 2025/2025 2024/2024
f 1929/1929 1930/1930 2026/2026 2025/2025
f 1930/1930 1931/1931 2027/2027 2026/2026
f 1931/1931 1932/1932 2028/2028 2027/2027
f 1932/1932 1933/1933 2029/2029 2028/2028
f 1933/1933 1934/1934 2030/2030 2029/2029
f 1934/1934 1935/1935 2031/2031 2030/2030
f 1935/1935 1936/1936 2032/2032 2031/2031
f 1936/1936 1937/1937 2033/2033 2032/2032
f 1937/1937 1938/1938 2034/2034 2033/2033
f 1938/1938 1939/1939 2035/2035 2034/2034
f 1939/1939 1940/1940 2036/2036 2035/2035
f 1940/1940 1941/1941 2037/2037 2036/2036
f 1941/1941 1942/1942 2038/2038 2037/2037
f 1942/1942 1943/1943 2039/2039 2038/2038
f 1943/1943 1944/1944 2040/2040 2039/2039
f 1944/1944 1945/1945 2041/2041 2040/2040
f 1945/1945 1946/1946 2042/2042 2041/2041
f 1946/1946 1947/1947 2043/2043 2042/2042
f 1947/1947 1948/1948 2044/2044 2043/2043
f 1948/1948 1949/1949 2045/2045 2044/2044
f 1949/1949 1950/1950 2046/2046 2045/2045
f 1950/1950 1951/1951 2047/2047 2046/2046
f 1951/1951 1952/1952 2048/2048 2047/2047
f 1952/1952 1953/1953 2049/2049 2048/2048
f 1953/1953 1954/1954 2050/2050 2049/2049
f 1954/1954 1955/1955 2051/2051 2050/2050
f 1955/1955 1956/1956 2052/2052 2051/2051
f 1956/1956 1957/1957 2053/2053 2052/2052
f 1957/1957 1958/1958 2054/2054 2053/2053
f 1958/1958 1959/1959 2055/2055 2054/2054
f 1959/1959 1960/1960 2056/2056 2055/2055
f 1960/1960 1961/1961 2057/2057 2056/2056
f 1961/1961 1962/1962 2058/2058 2057/2057
f 1962/1962 1963/1963 2059/2059 2058/2058
f 1963/1963 1964/1964 2060/2060 2059/2059
f 1964/1964 1965/1965 2061/2061 2060/2060
f 1965/1965 1966/1966 2062/2062 2061/2061
f 1966/1966 1967/1967 2063/2063 2062/2062
f 1967/1967 1968/1968 2064/2064 2063/2063
f 1968/1968 1969/1969 2065/2065 2064/2064
f 1969/1969 1970/1970 2066/2066 2065/2065
f 1970/1970 1971/1971 2067/2067 2066/2066
f 1971/1971 1972/1972 2068/2068 2067/2067
f 1972/1972 1973/1973 2069/2069 2068/2068
f 1973/1973 1974/1974 2070/2070 2069/2069
f 1974/1974 1975/1975 2071/2071 2070/2070
f 1975/1975 1976/1976 2072/2072 2071/2071
f 1976/1976 1977/1977 2073/2073 2072/2072
f 1977/1977 1978/1978 2074/2074 2073/2073
f 1978/1978 1979/1979 2075/2075 2074/2074
f 1979/1979 1980/1980 2076/2076 2075/2075
f 1980/1980 1981/1981 2077/2077 2076/2076
f 1981/1981 1982/1982 2078/2078 2077/2077
f 1982/1982 1983/1983 2079/2079 2078/2078
f 1983/1983 1984/1984 2080/2080 2079/2079
f 1984/1984 1985/1985 2081/2081 2080/2080
f 1985/1985 1986/1986 2082/2082 2081/2081
f 1986/1986 1987/1987 2083/2083 2082/2082
f 1987/1987 1988/1988 2084/2084 2083/2083
f 1988/1988 1989/1989 2085/2085 2084/2084
f 1989/1989 1990/1990 2086/2086 2085/2085
f 1990/1990 1991/1991 2087/2087 2086/2086
f 1991/1991 1992/1992 2088/2088 2087/2087
f 1992/1992 1993/1993 2089/2089 2088/2088
f 1993/1993 1994/1994 2090/2090 2089/2089
f 1994/1994 1995/1995 2091/2091 2090/2090
f 1995/1995 1996/1996 2092/2092 2091/2091
f 1996/1996 1997/1997 2093/2093 2092/2092
f 1997/1997 1998/1998 2094/2094 2093/2093
f 1998/1998 1999/1999 2095/2095 2094/2094
f 1999/1999 2000/2000 2096/2096 2095/2095
f 2000/2000 2001/2001 2097/2097 2096/2096
f 2001/2001 2002/2002 2098/2098 2097/2097
f 2002/2002 2003/2003 2099/2099 2098/2098
f 2003/2003 2004/2004 2100/2100 2099/2099
f 2004/2004 2005/2005 2101/2101 2100/2100
f 2005/2005 2006/2006 2102/2102 2101/2101
f 2006/2006 2007/2007 2103/2103 2102/2102
f 2007/2007 2008/2008 2104/2104 2103/2103
f 2008/2008 2009/2009 2105/2105 2104/2104
f 2009/2009 2010/2010 2106/2106 2105/2105
f 2010/2010 2011/2011 2107/2107 2106/2106
f 2011/2011 2012/2012 2108/2108 2107/2107
f 2012/2012 2013/2013 2109/2109 2108/2108
f 2013/2013 2014/2014 2110/2110 2109/2109
f 2014/2014 2015/2015 2111/2111 2110/2110
f 2015/2015 2016/2016 2112/2112 2111/2111
f 2016/2016 2017/2017 2113/2113 2112/2112
f 2017/2017 1922/1922 2018/2018 2113/2113
f 2018/2018 2019/2019 2115/2115 2114/2114
f 2019/2019 2020/2020 2116/2116 2115/2115
f 2020/2020 2021/2021 2117/2117 2116/2116
f 2021/2021 2022/2022 2118/2118 2117/2117
f 2022/2022 2023/2023 2119/2119 2118/2118
f 2023/2023 2024/2024 2120/2120 2119/2119
f 2024/2024 2025/2025 2121/2121 2120/2120
f 2025/2025 2026/2026 2122/2122 2121/2121
f 2026/2026 2027/2027 2123/2123 2122/2122
f 2027/2027 2028/2028 2124/2124 2123/2123
f 2028/2028 2029/2029 2125/2125 2124/2124
f 2029/2029 2030/2030 2126/2126 2125/2125
f 2030/2030 2031/2031 2127/2127 2126/2126
f 2031/2031 2032/2032 2128/2128 2127/2127
f 2032/2032 2033/2033 2129/2129 2128/2128
f 2033/2033 2034/2034 2130/2130 2129/2129
f 2034/2034 2035/2035 2131/2131 2130/2130
f 2035/2035 2036/2036 2132/2132 2131/2131
f 2036/2036 2037/2037 2133/2133 2132/2132
f 2037/2037 2038/2038 2134/2134 2133/2133
f 2038/2038 2039/2039 2135/2135 2134/2134
f 2039/2039 2040/2040 2136/2136 2135/2135
f 2040/2040 2041/2041 2137/2137 2136/2136
f 2041/2041 2042/2042 2138/2138 2137/2137
f 2042/2042 2043/2043 2139/2139 2138/2138
f 2043/2043 2044/2044 2140/2140 2139/2139
f 2044/2044 2045/2045 2141/2141 2140/2140
f 2045/2045 2046/2046 2142/2142 2141/2141
f 2046/2046 2047/2047 2143/2143 2142/2142
f 2047/2047 2048/2048 2144/2144 2143/2143
f 2048/2048 2049/2049 2145/2145 2144/2144
f 2049/2049 2050/2050 2146/2146 2145/2145
f 2050/2050 2051/2051 2147/2147 2146/2146
f 2051/2051 2052/2052 2148/2148 2147/2147
f 2052/2052 2053/2053 2149/2149 2148/2148
f 2053/2053 2054/2054 2150/2150 2149/2149
f 2054/2054 2055/2055 2151/2151 2150/2150
f 2055/2055 2056/2056 2152/2152 2151/2151
f 2056/2056 2057/2057 2153/2153 2152/2152
f 2057/2057 2058/2058 2154/2154 2153/2153
f 2058/2058 2059/2059 2155/2155 2154/2154
f 2059/2059 2060/2060 2156/2156 2155/2155
f 2060/2060 2061/2061 2157/2157 2156/2156
f 2061/2061 2062/2062 2158/2158 2157/2157
f 2062/2062 2063/2063 2159/2159 2158/2158
f 2063/2063 2064/2064 2160/2160 2159/2159
f 2064/2064 2065/2065 2161/2161 2160/2160
f 2065/2065 2066/2066 2162/2162 2161/2161
f 2066/2066 2067/2067 2163/2163 2162/2162
f 2067/2067 2068/2068 2164/2164 2163/2163
f 2068/2068 2069/2069 2165/2165 2164/2164
f 2069/2069 2070/2070 2166/2166 2165/2165
f 2070/2070 2071/2071 2167/2167 2166/2166
f 2071/2071 2072/2072 2168/2168 2167/2167
f 2072/2072 2073/2073 2169/2169 2168/2168
f 2073/2073 2074/2074 2170/2170 2169/2169
f 2074/2074 2075/2075 2171/2171 2170/2170
f 2075/2075 2076/2076 2172/2172 2171/2171
f 2076/2076 2077/2077 2173/2173 2172/2172
f 2077/2077 2078/2078 2174/2174 2173/2173
f 2078/2078 2079/2079 2175/2175 2174/2174
f 2079/2079 2080/2080 2176/2176 2175/2175
f 2080/2080 2081/2081 2177/2177 2176/2176
f 2081/2081 2082/2082 2178/2178 2177/2177
f 2082/2082 2083/2083 2179/2179 2178/2178
f 2083/2083 2084/2084 2180/2180 2179/2179
f 2084/2084 2085/2085 2181/2181 2180/2180
f 2085/2085 2086/2086 2182/2182 2181/2181
f 2086/2086 2087/2087 2183/2183 2182/2182
f 2087/2087 2088/2088 2184/2184 2183/2183
f 2088/2088 2089/2089 2185/2185 2184/2184
f 2089/2089 2090/2090 2186/2186 2185/2185
f 2090/2090 2091/2091 2187/2187 2186/2186
f 2091/2091 2092/2092 2188/2188 2187/2187
f 2092/2092 2093/2093 2189/2189 2188/2188
f 2093/2093 2094/2094 2190/2190 2189/2189
f 2094/2094 2095/2095 2191/2191 2190/2190
f 2095/2095 2096/2096 2192/2192 2191/2191
f 2096/2096 2097/2097 2193/2193 2192/2192
f 2097/2097 2098/2098 2194/2194 2193/2193
f 2098/2098 2099/2099 2195/2195 2194/2194
f 2099/2099 2100/2100 2196/2196 2195/2195
f 2100/2100 2101/2101 2197/2197 2196/2196
f 2101/2101 2102/2102 2198/2198 2197/2197
f 2102/2102 2103/2103 2199/2199 2198/2198
f 2103/2103 2104/2104 2200/2200 2199/2199
f 2104/2104 2105/2105 2201/2201 2200/2200
f 2105/2105 2106/2106 2202/2202 2201/2201
f 2106/2106 2107/2107 2203/2203 2202/2202
f 2107/2107 2108/2108 2204/2204 2203/2203
f 2108/2108 2109/2109 2205/2205 2204/2204
f 2109/2109 2110/2110 2206/2206 2205/2205
f 2110/2110 2111/2111 2207/2207 2206/2206
f 2111/2111 2112/2112 2208/2208 2207/2207
f 2112/2112 2113/2113 2209/2209 2208/2208
f 2113/2113 2018/2018 2114/2114 2209/2209
usemtl Label
f 2210/2210 2211/2211 2307/2307 2306/2306
f 2211/2211 2212/2212 2308/2308 2307/2307
f 2212/2212 2213/2213 2309/2309 2308/2308
f 2213/2213 2214/2214 2310/2310 2309/2309
f 2214/2214 2215/2215 2311/2311 2310/2310
f 2215/2215 2216/2216 2312/2312 2311/2311
f 2216/2216 2217/2217 2313/2313 2312/2312
f 2217/2217 2218/2218 2314/2314 2313/2313
f 2218/2218 2219/2219 2315/2315 2314/2314
f 2219/2219 2220/2220 2316/2316 2315/2315
f 2220/2220 2221/2221 2317/2317 2316/2316
f 2221/2221 2222/2222 2318/2318 2317/2317
f 2222/2222 2223/2223 2319/2319 2318/2318
f 2223/2223 2224/2224 2320/2320 2319/2319
f 2224/2224 2225/2225 2321/2321 2320/2320
f 2225/2225 2226/2226 2322/2322 2321/2321
f 2226/2226 2227/2227 2323/2323 2322/2322
f 2227/2227 2228/2228 2324/2324 2323/2323
f 2228/2228 2229/2229 2325/2325 2324/2324
f 2229/2229 2230/2230 2326/2326 2325/2325
f 2230/2230 2231/2231 2327/2327 2326/2326
f 2231/2231 2232/2232 2328/2328 2327/2327
f 2232/2232 2233/2233 2329/2329 2328/2328
f 2233/2233 2234/2234 2330/2330 2329/2329
f 2234/2234 2235/2235 2331/2331 2330/2330
f 2235/2235 2236/2236 2332/2332 2331/2331
f 2236/2236 2237/2237 2333/2333 2332/2332
f 2237/2237 2238/2238 2334/2334 2333/2333
f 2238/2238 2239/2239 2335/2335 2334/2334
f 2239/2239 2240/2240 2336/2336 2335/2335
f 2240/2240 2241/2241 2337/2337 2336/2336
f 2241/2241 2242/2242 2338/2338 2337/2337
f 2242/2242 2243/2243 2339/2339 2338/2338
f 2243/2243 2244/2244 2340/2340 2339/2339
f 2244/2244 2245/2245 2341/2341 2340/2340
f 2245/2245 2246/2246 2342/2342 2341/2341
f 2246/2246 2247/2247 2343/2343 2342/2342
f 2247/2247 2248/2248 2344/2344 2343/2343
f 2248/2248 2249/2249 2345/2345 2344/2344
f 2249/2249 2250/2250 2346/2346 2345/2345
f 2250/2250 2251/2251 2347/2347 2346/2346
f 2251/2251 2252/2252 2348/2348 2347/2347
f 2252/2252 2253/2253 2349/2349 2348/2348
f 2253/2253 2254/2254 2350/2350 2349/2349
f 2254/2254 2255/2255 2351/2351 2350/2350
f 2255/2255 2256/2256 2352/2352 2351/2351
f 2256/2256 2257/2257 2353/2353 2352/2352
f 2257/2257 2258/2258 2354/2354 2353/2353
f 2258/2258 2259/2259 2355/2355 2354/2354
f 2259/2259 2260/2260 2356/2356 2355/2355
f 2260/2260 2261/2261 2357/2357 2356/2356
f 2261/2261 2262/2262 2358/2358 2357/2357
f 2262/2262 2263/2263 2359/2359 2358/2358
f 2263/2263 2264/2264 2360/2360 2359/2359
f 2264/2264 2265/2265 2361/2361 2360/2360
f 2265/2265 2266/2266 2362/2362 2361/2361
f 2266/2266 2267/2267 2363/2363 2362/2362
f 2267/2267 2268/2268 2364/2364 2363/2363
f 2268/2268 2269/2269 2365/2365 2364/2364
f 2269/2269 2270/2270 2366/2366 2365/2365
f 2270/2270 2271/2271 2367/2367 2366/2366
f 2271/2271 2272/2272 2368/2368 2367/2367
f 2272/2272 2273/2273 2369/2369 2368/2368
f 2273/2273 2274/2274 2370/2370 2369/2369
f 2274/2274 2275/2275 2371/2371 2370/2370
f 2275/2275 2276/2276 2372/2372 2371/2371
f 2276/2276 2277/2277 2373/2373 2372/2372
f 2277/2277 2278/2278 2374/2374 2373/2373
f 2278/2278 2279/2279 2375/2375 2374/2374
f 2279/2279 2280/2280 2376/2376 2375/2375
f 2280/2280 2281/2281 2377/2377 2376/2376
f 2281/2281 2282/2282 2378/2378 2377/2377
f 2282/2282 2283/2283 2379/2379 2378/2378
f 2283/2283 2284/2284 2380/2380 2379/2379
f 2284/2284 2285/2285 2381/2381 2380/2380
f 2285/2285 2286/2286 2382/2382 2381/2381
f 2286/2286 2287/2287 2383/2383 2382/2382
f 2287/2287 2288/2288 2384/2384 2383/2383
f 2288/2288 2289/2289 2385/2385 2384/2384
f 2289/2289 2290/2290 2386/2386 2385/2385
f 2290/2290 2291/2291 2387/2387 2386/2386
f 2291/2291 2292/2292 2388/2388 2387/2387
f 2292/2292 2293/2293 2389/2389 2388/2388
f 2293/2293 2294/2294 2390/2390 2389/2389
f 2294/2294 2295/2295 2391/2391 2390/2390
f 2295/2295 2296/2296 2392/2392 2391/2391
f 2296/2296 2297/2297 2393/2393 2392/2392
f 2297/2297 2298/2298 2394/2394 2393/2393
f 2298/2298 2299/2299 2395/2395 2394/2394
f 2299/2299 2300/2300 2396/2396 2395/2395
f 2300/2300 2301/2301 2397/2397 2396/2396
f 2301/2301 2302/2302 2398/2398 2397/2397
f 2302/2302 2303/2303 2399/2399 2398/2398
f 2303/2303 2304/2304 2400/2400 2399/2399
f 2304/2304 2305/2305 2401/2401 2400/2400
f 2305/2305 2210/2210 2306/2306 2401/2401
